Source,Target
0,0
0,1
1,2
1,0
2,0
3,3
3,4
3,5
3,6
3,7
3,2
3,8
3,9
3,10
3,11
3,12
3,0
3,13
3,14
3,15
3,16
3,17
3,18
4,4
4,19
4,20
4,6
4,21
4,7
4,2
4,22
4,8
4,9
4,10
4,12
4,0
4,13
4,14
4,15
4,23
4,16
4,17
4,24
4,18
4,25
5,4
5,5
5,2
5,8
5,9
5,10
5,26
5,0
5,13
5,15
5,17
5,24
5,18
6,3
6,4
6,5
6,7
6,27
6,2
6,22
6,8
6,9
6,10
6,28
6,13
6,15
6,16
6,24
7,2
7,0
7,15
8,0
9,8
10,15
11,13
12,6
12,15
12,29
13,15
14,15
15,15
16,4
16,6
17,7
17,0
18,13
19,15
20,15
21,6
21,15
22,6
22,13
22,1
23,6
23,2
23,15
24,5
24,6
24,7
24,10
24,30
24,15
25,31
26,6
26,1
27,5
27,6
27,32
27,2
27,8
27,10
27,15
28,5
28,6
28,1
29,1
30,15
31,1
32,8
32,16
33,33
33,34
34,2
34,15
34,1
35,9
35,10
35,15
36,15
37,0
38,1
39,9
39,15
40,0
40,1
41,15
42,10
43,5
44,24
45,15
45,1
46,1
47,1
48,15
48,1
48,17
49,0
50,9
50,15
51,15
52,1
53,0
53,1
54,0
55,1
56,6
56,1
57,15
57,1
58,15
58,1
59,0
60,15
61,1
62,15
63,35
64,24
65,2
65,15
65,1
66,2
66,15
66,1
67,13
68,4
68,27
68,8
68,9
68,10
68,15
68,24
68,36
69,4
69,37
69,27
69,2
69,8
69,9
69,10
69,0
69,13
69,15
69,17
69,24
69,29
70,6
70,15
71,2
72,6
73,15
74,8
74,31
74,0
74,16
75,15
76,15
76,1
77,1
77,29
78,15
79,4
79,27
79,8
79,9
79,10
79,15
79,1
79,38
79,17
79,24
80,13
81,15
82,1
83,24
84,1
85,1
86,39
86,8
86,0
86,13
86,1
87,1
88,1
89,5
89,2
89,1
89,29
90,15
90,1
91,2
91,9
91,15
92,1
93,15
94,1
95,6
95,15
95,1
96,1
97,2
98,15
99,15
100,8
101,6
101,15
102,8
102,9
102,15
102,1
103,15
103,1
104,1
105,8
105,0
106,15
107,10
108,1
109,15
110,13
110,15
111,6
111,2
112,1
113,15
114,12
115,8
115,10
115,15
115,1
115,24
116,8
116,1
117,1
118,1
119,17
120,15
121,2
122,1
123,6
123,8
123,9
123,15
123,1
123,16
123,17
124,1
125,1
126,1
127,1
128,13
129,13
129,15
130,1
131,15
132,14
132,15
133,2
133,8
133,9
133,13
133,15
133,38
133,17
133,24
134,15
135,13
136,6
137,13
137,15
138,15
139,8
140,6
140,15
141,15
142,15
143,9
143,15
143,1
144,1
145,14
146,15
147,7
147,8
147,1
147,17
148,1
149,1
150,6
150,15
151,6
152,27
152,8
152,31
152,40
152,12
152,15
152,1
152,41
152,16
152,42
153,10
154,12
155,1
156,1
157,1
158,2
159,15
160,15
161,1
162,1
163,20
163,15
164,1
164,24
165,2
165,9
165,15
165,1
166,1
167,6
167,2
167,15
168,0
169,2
169,15
170,1
171,1
172,1
173,1
174,6
174,1
175,6
175,1
176,15
177,15
177,1
178,1
179,1
180,1
181,15
182,1
183,1
184,13
185,1
186,15
186,1
187,15
187,1
188,15
189,12
189,1
190,1
191,6
192,1
193,1
194,1
195,13
196,2
196,15
197,27
197,8
197,31
197,15
197,1
197,43
197,16
197,17
198,1
199,19
199,27
199,8
199,10
199,1
200,8
200,9
200,13
200,15
200,16
200,24
201,8
202,15
203,1
204,1
205,15
206,1
207,7
207,27
207,2
207,8
207,9
207,10
207,31
207,0
207,15
207,24
208,12
209,1
210,15
211,15
212,8
212,24
213,15
213,1
214,1
215,0
216,15
216,1
216,17
217,15
217,1
218,6
219,1
220,10
220,15
221,32
221,27
221,8
221,15
221,1
221,43
221,16
221,24
222,2
223,15
224,8
224,10
224,31
224,15
224,17
224,24
225,1
226,37
226,0
226,15
227,15
227,1
228,15
229,15
230,1
231,15
232,15
233,15
234,6
234,13
234,24
235,6
236,15
237,15
238,1
239,6
239,15
240,30
240,13
240,15
240,16
240,24
241,24
242,1
243,6
244,1
245,1
246,1
247,15
248,6
248,15
248,1
249,1
250,1
251,6
252,2
253,1
254,6
254,1
255,1
256,1
257,8
258,7
259,15
260,15
261,1
262,1
263,15
263,1
264,15
265,15
266,1
267,1
268,15
269,8
270,1
271,9
271,17
272,1
273,1
274,15
275,15
275,1
276,1
277,10
278,1
279,15
280,1
281,15
282,0
283,15
284,1
285,15
285,1
286,15
287,1
288,9
288,10
288,17
289,8
289,9
289,1
289,17
290,1
291,1
292,1
293,15
294,2
294,15
294,1
295,2
296,2
296,15
297,15
298,15
299,15
300,15
301,15
302,1
303,1
304,8
305,1
306,1
307,1
308,1
309,1
310,8
311,8
312,1
313,1
314,1
315,1
316,1
317,1
318,8
319,15
320,1
321,1
322,2
323,2
324,1
325,1
326,2
327,2
327,15
328,2
329,2
329,13
330,13
331,9
331,17
332,9
332,17
333,9
333,17
334,10
335,9
335,17
336,1
337,7
338,9
338,17
339,8
340,10
341,8
342,1
343,1
344,8
344,1
345,1
346,8
347,9
347,17
348,8
348,9
348,1
348,17
349,9
349,17
350,1
351,8
351,9
351,15
351,16
352,9
352,17
353,9
353,17
354,9
354,10
354,17
355,9
355,17
356,9
356,17
357,9
357,17
358,15
359,9
359,17
360,1
361,2
361,8
361,9
361,15
361,16
362,9
362,17
363,9
363,17
364,9
364,17
365,7
365,9
365,1
365,17
366,9
366,17
367,17
368,9
368,17
369,8
369,9
369,15
369,16
370,1
371,9
371,1
371,17
372,9
372,17
373,9
373,17
374,1
375,1
376,1
377,17
378,1
379,1
380,15
381,1
382,10
383,1
384,1
385,1
386,1
387,1
388,1
389,44
389,15
390,1
391,1
392,1
393,1
394,1
395,1
396,1
397,1
398,1
399,1
400,1
401,1
402,1
403,1
404,1
405,1
406,1
407,1
408,1
409,1
410,15
411,1
412,1
413,1
414,1
415,4
415,19
415,21
415,7
415,2
415,8
415,9
415,10
415,30
415,11
415,13
415,15
415,17
415,45
415,46
415,24
415,18
416,4
416,6
416,21
416,2
416,9
416,10
416,28
416,0
416,13
416,15
417,2
417,9
417,10
417,15
417,29
418,47
418,48
418,21
418,2
418,10
418,28
418,13
418,15
419,21
419,10
419,13
419,15
419,17
420,48
420,4
420,19
420,21
420,27
420,2
420,8
420,9
420,10
420,28
420,13
420,15
420,17
420,24
420,25
421,49
421,48
421,19
421,21
421,2
421,22
421,8
421,9
421,10
421,50
421,31
421,30
421,40
421,28
421,51
421,0
421,52
421,13
421,15
421,38
421,41
421,16
421,17
421,24
422,48
422,19
422,53
422,54
422,21
422,27
422,2
422,22
422,8
422,9
422,10
422,31
422,30
422,40
422,28
422,51
422,55
422,52
422,56
422,13
422,14
422,15
422,41
422,16
422,17
422,24
423,57
423,4
423,19
423,20
423,5
423,6
423,54
423,58
423,2
423,22
423,59
423,8
423,9
423,10
423,50
423,31
423,30
423,28
423,60
423,61
423,13
423,14
423,15
423,38
423,41
423,17
423,62
423,63
423,64
423,24
423,29
424,7
424,8
424,9
424,10
424,0
424,65
424,17
424,29
425,47
425,48
425,4
425,5
425,6
425,27
425,2
425,8
425,9
425,10
425,66
425,28
425,60
425,0
425,65
425,15
425,38
425,17
426,48
426,4
426,5
426,6
426,21
426,27
426,2
426,8
426,9
426,10
426,30
426,40
426,67
426,11
426,28
426,0
426,14
426,15
426,38
426,16
426,17
426,24
427,68
427,48
427,6
427,21
427,27
427,58
427,2
427,22
427,8
427,9
427,10
427,31
427,30
427,28
427,14
427,15
427,38
427,16
427,17
427,24
427,29
427,36
428,4
428,39
428,19
428,6
428,58
428,2
428,22
428,8
428,9
428,10
428,31
428,30
428,40
428,28
428,0
428,69
428,14
428,15
428,38
428,16
428,17
428,24
428,29
429,70
429,71
429,48
429,4
429,19
429,72
429,20
429,5
429,6
429,21
429,7
429,73
429,27
429,74
429,75
429,2
429,76
429,22
429,77
429,8
429,9
429,10
429,31
429,30
429,28
429,69
429,13
429,65
429,14
429,78
429,15
429,1
429,43
429,16
429,17
429,46
429,79
429,24
429,80
429,81
429,29
429,82
429,83
430,4
430,20
430,6
430,21
430,2
430,8
430,9
430,10
430,50
430,40
430,55
430,14
430,15
430,41
430,16
430,17
430,84
430,24
430,85
431,48
431,39
431,5
431,6
431,21
431,7
431,76
431,86
431,8
431,9
431,10
431,50
431,31
431,40
431,28
431,61
431,14
431,15
431,41
431,16
431,17
431,24
431,25
432,2
432,9
432,24
433,48
433,39
433,19
433,21
433,2
433,76
433,86
433,9
433,10
433,50
433,31
433,26
433,28
433,14
433,15
433,16
433,17
433,46
433,24
433,25
434,4
434,19
434,6
434,21
434,27
434,22
434,8
434,9
434,10
434,11
434,28
434,13
434,14
434,15
434,38
434,17
434,24
435,4
435,19
435,21
435,27
435,2
435,22
435,8
435,9
435,10
435,30
435,26
435,0
435,52
435,13
435,14
435,15
435,17
435,24
436,48
436,19
436,6
436,21
436,2
436,22
436,8
436,9
436,10
436,31
436,40
436,28
436,13
436,14
436,15
436,41
436,16
436,17
436,24
436,25
437,87
437,4
437,19
437,5
437,6
437,21
437,7
437,2
437,8
437,9
437,10
437,50
437,31
437,88
437,30
437,28
437,89
437,0
437,90
437,14
437,15
437,16
437,17
437,24
437,36
438,21
438,27
438,8
438,10
438,11
438,15
438,17
438,29
439,71
439,91
439,39
439,19
439,6
439,21
439,92
439,2
439,22
439,59
439,8
439,9
439,10
439,50
439,31
439,26
439,0
439,65
439,14
439,15
439,93
439,17
439,42
439,24
439,94
439,29
440,4
440,19
440,6
440,21
440,2
440,76
440,8
440,9
440,10
440,31
440,0
440,55
440,13
440,65
440,14
440,15
440,1
440,41
440,43
440,17
440,24
441,4
441,39
441,6
441,27
441,8
441,10
441,50
441,13
441,65
441,15
441,1
441,17
441,24
441,18
442,4
442,19
442,6
442,27
442,2
442,8
442,9
442,10
442,31
442,0
442,65
442,95
442,14
442,96
442,15
442,41
442,16
442,93
442,17
442,24
442,29
442,36
443,48
443,4
443,6
443,21
443,27
443,2
443,97
443,8
443,9
443,10
443,28
443,15
443,16
443,17
443,46
443,24
443,25
444,98
444,27
444,8
444,9
444,26
444,0
444,13
444,15
444,43
444,16
444,17
444,45
444,25
445,48
445,4
445,21
445,27
445,2
445,22
445,8
445,9
445,10
445,31
445,99
445,28
445,51
445,14
445,15
445,38
445,16
445,100
445,24
445,29
446,4
446,6
446,21
446,27
446,2
446,22
446,8
446,9
446,10
446,0
446,14
446,15
446,1
446,16
446,17
446,24
447,4
447,19
447,6
447,2
447,8
447,9
447,10
447,31
447,51
447,15
447,1
447,16
447,24
448,48
448,4
448,19
448,5
448,6
448,7
448,27
448,2
448,8
448,9
448,10
448,28
448,13
448,15
448,17
448,46
448,24
448,29
449,4
449,19
449,5
449,101
449,6
449,21
449,2
449,97
449,8
449,9
449,10
449,26
449,0
449,15
449,38
449,17
449,36
450,71
450,4
450,19
450,5
450,6
450,21
450,7
450,27
450,22
450,8
450,9
450,10
450,28
450,0
450,13
450,14
450,15
450,38
450,23
450,16
450,17
450,24
450,18
450,94
450,29
451,71
451,48
451,4
451,39
451,19
451,5
451,6
451,21
451,7
451,73
451,27
451,2
451,22
451,97
451,8
451,9
451,10
451,31
451,26
451,28
451,51
451,0
451,15
451,38
451,23
451,16
451,17
451,24
451,94
452,4
452,19
452,6
452,21
452,32
452,2
452,8
452,9
452,10
452,30
452,26
452,61
452,13
452,14
452,15
452,16
452,17
452,24
452,25
453,102
453,71
453,39
453,5
453,6
453,21
453,103
453,2
453,8
453,9
453,10
453,31
453,30
453,28
453,60
453,0
453,104
453,13
453,105
453,14
453,15
453,17
453,24
453,94
453,29
453,82
454,4
454,39
454,6
454,37
454,21
454,106
454,2
454,76
454,86
454,8
454,9
454,10
454,50
454,31
454,13
454,15
454,38
454,24
455,4
455,19
455,6
455,32
455,2
455,9
455,10
455,28
455,0
455,107
455,15
456,4
456,2
456,22
456,59
456,8
456,9
456,10
456,31
456,14
456,15
456,16
456,17
456,24
457,48
457,6
457,37
457,21
457,106
457,2
457,8
457,9
457,10
457,50
457,31
457,28
457,13
457,108
457,15
457,109
457,24
457,110
458,15
459,9
459,15
459,16
460,8
461,104
462,15
463,10
464,10
464,14
465,111
465,15
466,15
466,112
467,13
468,8
469,10
469,28
469,14
470,4
470,15
471,15
472,8
472,15
473,8
473,9
473,104
473,16
474,26
474,15
475,37
476,8
476,15
477,31
477,15
478,48
478,4
478,39
478,19
478,6
478,21
478,7
478,8
478,9
478,10
478,31
478,30
478,28
478,12
478,51
478,0
478,13
478,65
478,15
478,1
478,16
478,17
478,24
478,82
479,48
479,4
479,19
479,5
479,6
479,27
479,2
479,8
479,10
479,28
479,0
479,13
479,15
479,1
479,17
479,113
479,24
479,36
480,48
480,98
480,4
480,19
480,20
480,21
480,2
480,8
480,9
480,10
480,50
480,31
480,30
480,11
480,26
480,28
480,51
480,0
480,65
480,15
480,16
480,17
480,24
481,21
481,2
481,9
481,31
481,14
481,15
481,45
481,24
482,8
482,10
482,15
483,70
483,98
483,39
483,19
483,6
483,21
483,27
483,2
483,8
483,9
483,10
483,50
483,51
483,114
483,13
483,65
483,14
483,15
483,16
483,93
483,17
483,24
484,21
484,8
484,50
484,40
484,28
484,0
484,15
484,25
485,19
485,15
486,15
486,17
487,33
487,34
488,28
488,17
489,115
489,19
489,6
489,76
489,8
489,9
489,10
489,50
489,31
489,30
489,28
489,104
489,108
489,14
489,15
489,43
489,16
489,17
489,24
489,18
490,48
490,4
490,19
490,5
490,21
490,27
490,2
490,76
490,97
490,8
490,9
490,10
490,28
490,0
490,116
490,13
490,15
490,16
490,17
490,29
491,4
491,37
491,21
491,2
491,8
491,9
491,10
491,31
491,30
491,40
491,26
491,60
491,13
491,15
491,41
491,16
491,24
492,98
492,19
492,21
492,7
492,2
492,8
492,9
492,10
492,31
492,12
492,0
492,114
492,65
492,14
492,15
492,17
492,24
493,8
493,9
493,15
494,8
495,4
495,19
495,20
495,21
495,73
495,22
495,8
495,9
495,10
495,31
495,11
495,28
495,51
495,0
495,13
495,65
495,15
495,16
495,17
495,113
495,24
495,117
496,4
496,15
496,24
497,4
497,19
497,5
497,6
497,7
497,2
497,8
497,9
497,10
497,31
497,28
497,14
497,15
497,38
497,16
497,17
497,24
497,36
498,4
498,6
498,21
498,27
498,2
498,8
498,9
498,10
498,60
498,51
498,13
498,14
498,15
498,1
498,17
498,46
498,24
499,48
499,4
499,6
499,21
499,118
499,27
499,2
499,8
499,9
499,10
499,31
499,28
499,60
499,51
499,15
499,1
499,16
499,17
499,46
499,24
499,25
499,29
500,3
500,48
500,4
500,39
500,19
500,119
500,120
500,20
500,5
500,6
500,121
500,21
500,106
500,122
500,27
500,2
500,8
500,9
500,10
500,31
500,30
500,40
500,123
500,11
500,28
500,60
500,0
500,124
500,125
500,65
500,14
500,15
500,1
500,38
500,41
500,16
500,17
500,24
500,126
501,127
501,4
501,19
501,6
501,21
501,106
501,27
501,74
501,2
501,22
501,8
501,9
501,10
501,31
501,30
501,40
501,67
501,26
501,51
501,114
501,128
501,129
501,61
501,13
501,105
501,14
501,15
501,38
501,41
501,43
501,16
501,93
501,17
501,46
501,42
501,24
501,29
502,98
502,19
502,6
502,21
502,73
502,2
502,8
502,9
502,10
502,50
502,31
502,67
502,26
502,51
502,69
502,61
502,13
502,105
502,14
502,15
502,16
502,93
502,17
502,46
502,42
502,24
502,29
503,71
503,4
503,5
503,21
503,73
503,27
503,2
503,8
503,9
503,10
503,13
503,15
503,17
503,82
504,130
504,48
504,131
504,39
504,20
504,5
504,132
504,37
504,73
504,2
504,76
504,86
504,8
504,9
504,10
504,50
504,28
504,0
504,14
504,15
504,133
504,17
504,24
505,27
505,8
506,21
506,73
506,2
506,8
506,9
506,10
506,28
506,0
506,13
506,15
506,17
507,48
507,76
507,8
507,10
507,31
507,30
507,28
507,89
507,0
507,15
507,1
507,43
507,16
507,17
508,48
508,6
508,21
508,27
508,2
508,8
508,9
508,10
508,28
508,51
508,0
508,13
508,15
508,17
508,24
509,4
509,39
509,19
509,134
509,5
509,135
509,58
509,2
509,22
509,8
509,9
509,10
509,13
509,65
509,14
509,15
509,23
509,16
509,17
509,24
509,18
509,82
510,48
510,39
510,19
510,6
510,21
510,92
510,75
510,76
510,8
510,9
510,10
510,31
510,11
510,28
510,0
510,61
510,13
510,65
510,14
510,15
510,1
510,17
510,24
511,4
511,19
511,20
511,53
511,27
511,8
511,9
511,10
511,40
511,11
511,28
511,15
511,1
511,100
511,17
511,24
512,48
512,136
512,39
512,19
512,5
512,6
512,21
512,2
512,22
512,8
512,9
512,10
512,11
512,28
512,89
512,51
512,0
512,13
512,65
512,105
512,14
512,15
512,137
512,1
512,38
512,16
512,17
512,29
513,48
513,138
513,21
513,8
513,28
513,14
513,15
513,17
514,98
514,4
514,19
514,21
514,2
514,8
514,10
514,12
514,13
514,15
514,1
515,4
515,27
515,2
515,8
515,9
515,10
515,65
515,15
515,17
515,113
515,24
516,4
516,39
516,20
516,5
516,6
516,21
516,139
516,2
516,76
516,86
516,8
516,9
516,10
516,50
516,40
516,28
516,13
516,65
516,15
516,16
516,17
516,24
517,48
517,4
517,39
517,140
517,5
517,6
517,2
517,8
517,9
517,10
517,31
517,30
517,28
517,51
517,15
517,1
517,16
517,17
517,45
517,24
518,6
518,27
518,8
518,9
518,15
518,24
519,98
519,4
519,19
519,53
519,6
519,2
519,59
519,8
519,9
519,10
519,50
519,31
519,40
519,15
519,17
519,24
520,48
520,4
520,92
520,2
520,8
520,9
520,10
520,50
520,31
520,40
520,28
520,0
520,61
520,13
520,14
520,15
520,133
520,16
520,17
520,24
521,6
521,27
521,8
521,9
521,15
521,24
522,141
522,48
522,4
522,5
522,6
522,27
522,74
522,2
522,76
522,33
522,8
522,9
522,10
522,28
522,0
522,52
522,13
522,14
522,15
522,1
522,38
522,16
522,17
522,42
522,24
523,142
523,141
523,48
523,4
523,19
523,5
523,6
523,21
523,2
523,76
523,22
523,8
523,9
523,10
523,28
523,0
523,52
523,65
523,15
523,1
523,38
523,16
523,17
523,24
524,19
524,20
524,6
524,73
524,8
524,9
524,10
524,143
524,13
524,144
524,65
524,105
524,14
524,15
524,41
524,16
524,145
524,17
524,24
525,98
525,4
525,39
525,19
525,20
525,6
525,97
525,8
525,9
525,10
525,50
525,26
525,0
525,13
525,15
525,43
525,16
525,17
525,24
525,36
526,146
526,98
526,4
526,19
526,20
526,5
526,21
526,2
526,8
526,9
526,10
526,31
526,15
526,16
526,17
526,24
526,29
526,82
526,36
526,147
526,117
527,8
527,16
527,24
528,48
528,19
528,21
528,2
528,10
528,28
528,14
528,15
528,24
529,4
529,20
529,21
529,2
529,10
529,28
529,0
529,13
529,15
529,17
529,24
530,148
530,4
530,5
530,6
530,27
530,97
530,8
530,10
530,31
530,26
530,28
530,60
530,51
530,13
530,15
530,16
530,17
530,24
531,48
531,4
531,58
531,2
531,8
531,9
531,10
531,28
531,0
531,13
531,65
531,15
531,16
531,17
531,24
531,25
532,39
532,21
532,7
532,2
532,76
532,86
532,8
532,9
532,10
532,50
532,31
532,60
532,51
532,65
532,14
532,15
532,16
532,17
532,24
532,149
533,48
533,4
533,39
533,19
533,5
533,6
533,21
533,7
533,2
533,76
533,8
533,9
533,10
533,31
533,66
533,40
533,11
533,28
533,0
533,13
533,65
533,15
533,41
533,16
533,17
533,24
533,29
534,4
534,20
534,5
534,21
534,7
534,2
534,22
534,8
534,9
534,10
534,40
534,12
534,0
534,13
534,15
534,41
534,16
534,17
534,24
535,4
535,5
535,6
535,97
535,8
535,9
535,50
535,30
535,15
535,16
535,24
536,4
536,19
536,72
536,20
536,6
536,106
536,8
536,9
536,31
536,40
536,12
536,89
536,14
536,15
536,43
536,17
537,48
537,4
537,19
537,6
537,21
537,2
537,22
537,97
537,8
537,9
537,10
537,31
537,30
537,28
537,60
537,0
537,150
537,151
537,13
537,65
537,14
537,15
537,152
537,38
537,23
537,16
537,17
537,24
537,153
538,4
538,6
538,154
538,21
538,7
538,27
538,2
538,8
538,9
538,10
538,31
538,155
538,13
538,14
538,15
538,156
538,17
538,24
538,25
539,48
539,4
539,39
539,19
539,6
539,21
539,8
539,9
539,10
539,30
539,11
539,28
539,0
539,13
539,14
539,15
539,41
539,16
539,17
539,24
539,29
540,48
540,4
540,6
540,21
540,7
540,27
540,2
540,8
540,9
540,10
540,31
540,28
540,12
540,13
540,14
540,15
540,1
540,17
540,36
541,4
541,97
541,8
541,9
541,10
541,31
541,51
541,65
541,15
541,16
541,17
542,4
542,19
542,6
542,21
542,27
542,2
542,8
542,9
542,10
542,31
542,30
542,26
542,15
542,17
542,24
543,157
543,48
543,4
543,5
543,6
543,2
543,8
543,10
543,30
543,11
543,28
543,0
543,14
543,15
543,38
543,16
543,24
544,158
544,4
544,19
544,159
544,76
544,8
544,9
544,10
544,50
544,31
544,30
544,11
544,60
544,51
544,14
544,15
544,160
544,1
544,16
544,17
544,24
544,161
544,82
545,4
545,39
545,20
545,5
545,6
545,21
545,106
545,27
545,22
545,8
545,9
545,10
545,26
545,28
545,0
545,13
545,14
545,15
545,17
546,146
546,4
546,39
546,19
546,20
546,21
546,27
546,2
546,76
546,22
546,86
546,8
546,9
546,10
546,50
546,40
546,67
546,65
546,15
546,23
546,16
546,17
546,24
546,36
546,147
546,117
547,71
547,4
547,39
547,6
547,162
547,76
547,86
547,97
547,9
547,10
547,50
547,13
547,14
547,15
547,1
547,24
548,6
548,21
548,2
548,22
548,8
548,9
548,26
548,13
548,15
548,152
548,1
548,38
549,48
549,4
549,19
549,20
549,6
549,21
549,2
549,8
549,9
549,10
549,50
549,31
549,66
549,30
549,28
549,51
549,163
549,13
549,15
549,16
549,17
549,46
549,24
550,142
550,8
550,9
550,10
550,60
550,13
550,65
550,14
550,15
550,1
550,17
550,24
551,70
551,48
551,4
551,39
551,19
551,5
551,6
551,164
551,21
551,27
551,2
551,97
551,8
551,9
551,10
551,66
551,28
551,55
551,65
551,105
551,14
551,15
551,38
551,41
551,16
551,93
551,17
551,24
552,48
552,4
552,19
552,21
552,2
552,76
552,8
552,10
552,28
552,15
552,17
553,4
553,32
553,27
553,75
553,8
553,95
553,15
553,17
553,24
553,165
554,19
554,5
554,2
554,8
554,9
554,10
554,30
554,15
554,1
554,38
554,17
554,24
555,3
555,48
555,4
555,19
555,21
555,166
555,2
555,22
555,8
555,9
555,10
555,31
555,28
555,13
555,65
555,14
555,15
555,38
555,23
555,16
555,17
555,167
555,112
556,4
556,74
556,8
556,10
556,31
556,28
556,0
556,13
556,65
556,15
556,16
556,17
556,24
557,19
557,6
557,21
557,2
557,22
557,97
557,8
557,9
557,10
557,28
557,13
557,15
557,16
557,17
557,168
557,25
558,6
558,2
558,22
558,8
558,10
558,31
558,51
558,15
558,23
558,16
558,17
558,46
558,24
558,25
559,48
559,4
559,19
559,6
559,21
559,2
559,22
559,8
559,9
559,10
559,31
559,28
559,60
559,51
559,0
559,169
559,128
559,14
559,15
559,170
559,23
559,16
559,17
559,46
559,171
559,24
559,94
559,25
559,36
560,71
560,4
560,5
560,21
560,73
560,8
560,10
560,28
560,0
560,15
560,24
561,48
561,4
561,21
561,73
561,97
561,8
561,9
561,10
561,28
561,13
561,172
561,15
561,1
561,17
561,18
561,173
562,19
562,6
562,10
562,15
563,174
563,48
563,4
563,19
563,20
563,5
563,6
563,21
563,7
563,27
563,2
563,76
563,22
563,8
563,9
563,10
563,40
563,26
563,28
563,60
563,0
563,13
563,15
563,1
563,41
563,16
563,17
563,62
563,45
563,46
563,18
563,29
564,175
564,4
564,39
564,19
564,5
564,21
564,2
564,8
564,9
564,10
564,14
564,15
564,38
564,17
564,62
564,176
564,94
565,71
565,4
565,39
565,5
565,21
565,76
565,86
565,8
565,9
565,10
565,50
565,31
565,13
565,65
565,15
565,17
565,24
566,8
566,10
566,17
567,27
567,8
567,24
568,7
568,8
568,31
568,28
568,0
568,15
568,1
568,24
568,18
569,48
569,21
569,7
569,2
569,8
569,9
569,10
569,28
569,13
569,15
569,17
569,24
570,39
570,6
570,27
570,2
570,22
570,8
570,9
570,10
570,104
570,13
570,105
570,14
570,15
570,17
571,6
571,21
571,8
571,9
571,10
571,31
571,28
571,0
571,13
571,15
571,17
572,27
572,2
572,8
572,9
572,13
572,65
572,15
572,1
572,16
572,24
573,177
573,49
573,4
573,19
573,21
573,32
573,27
573,2
573,8
573,9
573,10
573,28
573,12
573,51
573,0
573,13
573,65
573,14
573,15
573,1
573,17
573,113
573,84
573,24
574,48
574,4
574,19
574,6
574,8
574,9
574,10
574,40
574,11
574,28
574,12
574,0
574,65
574,15
574,1
574,41
574,16
574,17
575,4
575,19
575,5
575,6
575,21
575,8
575,9
575,10
575,28
575,0
575,13
575,14
575,15
575,23
575,17
575,24
575,178
575,25
576,4
576,6
576,179
576,21
576,27
576,58
576,2
576,8
576,9
576,12
576,15
576,24
576,82
577,39
577,21
577,7
577,27
577,2
577,86
577,8
577,9
577,10
577,31
577,26
577,107
577,13
577,15
577,17
577,24
577,82
578,15
579,46
580,19
581,2
582,2
582,8
582,16
583,31
584,4
584,20
584,77
584,8
584,9
584,14
584,15
584,79
585,9
586,9
586,31
587,15
588,9
589,180
590,37
591,4
591,8
591,181
591,182
592,8
593,8
593,31
594,180
595,6
596,9
597,146
597,71
597,4
597,39
597,19
597,20
597,5
597,6
597,37
597,21
597,7
597,27
597,2
597,76
597,183
597,22
597,86
597,8
597,9
597,10
597,50
597,40
597,28
597,60
597,0
597,184
597,13
597,15
597,185
597,38
597,23
597,16
597,17
597,24
597,18
597,186
597,29
597,36
597,147
597,117
598,4
598,39
598,19
598,20
598,5
598,187
598,7
598,27
598,75
598,2
598,8
598,9
598,10
598,31
598,30
598,60
598,51
598,0
598,104
598,13
598,65
598,14
598,15
598,16
598,17
598,24
598,188
598,117
599,8
600,31
601,10
602,11
602,15
603,19
604,19
604,20
604,10
605,10
606,8
606,10
606,61
606,15
607,143
608,52
609,15
610,17
611,4
612,10
613,4
613,6
613,54
613,2
613,22
613,8
613,9
613,10
613,14
613,15
613,17
613,64
613,24
614,71
614,4
614,39
614,19
614,21
614,27
614,2
614,97
614,8
614,9
614,10
614,31
614,30
614,13
614,65
614,14
614,15
614,1
614,17
614,24
614,94
614,82
615,146
615,4
615,19
615,20
615,27
615,2
615,8
615,9
615,10
615,67
615,65
615,15
615,16
615,17
615,24
615,18
615,189
615,82
615,36
615,147
615,117
616,105
617,142
617,39
617,27
617,8
617,10
617,26
617,13
617,65
617,14
617,15
617,64
618,6
618,15
619,48
619,39
619,19
619,20
619,8
619,10
619,40
619,67
619,28
619,51
619,13
619,15
619,17
619,24
620,4
620,19
620,21
620,27
620,8
620,9
620,10
620,15
621,48
621,19
621,20
621,6
621,2
621,8
621,9
621,10
621,30
621,28
621,0
621,34
621,13
621,14
621,15
621,17
621,24
621,29
622,142
622,71
622,19
622,6
622,21
622,2
622,76
622,8
622,9
622,10
622,13
622,15
622,16
622,17
622,24
622,94
622,25
622,36
623,21
623,8
623,9
623,10
623,13
623,65
623,15
623,16
623,17
623,45
624,48
624,6
624,21
624,2
624,8
624,9
624,10
624,26
624,28
624,13
624,65
624,15
624,38
624,17
624,24
625,4
625,19
625,5
625,21
625,27
625,2
625,8
625,9
625,10
625,30
625,0
625,13
625,65
625,15
625,17
625,24
626,20
626,27
626,2
626,8
626,9
626,10
626,28
626,0
626,65
626,14
626,15
627,39
627,19
627,6
627,21
627,7
627,27
627,2
627,8
627,9
627,10
627,15
627,17
627,24
628,98
628,4
628,21
628,8
628,9
628,10
628,13
628,65
628,15
628,17
628,24
628,18
629,48
629,4
629,19
629,7
629,73
629,2
629,9
629,10
629,28
629,15
629,17
630,39
630,21
630,2
630,8
630,9
630,10
630,28
630,13
630,15
630,17
630,29
630,36
631,98
631,19
631,8
631,10
631,50
632,8
632,26
632,65
632,15
633,27
633,8
633,13
633,24
634,27
634,8
634,9
634,26
634,65
634,14
634,15
635,98
635,39
635,40
635,26
635,28
635,65
635,15
636,6
636,27
636,8
636,10
636,26
637,21
637,27
637,8
637,10
637,13
637,15
637,1
637,24
638,19
638,21
638,27
638,8
638,15
638,17
638,24
639,98
639,21
639,73
639,27
639,190
639,8
639,9
639,65
639,14
639,15
639,17
640,19
640,135
640,8
640,9
640,50
640,15
640,17
640,24
640,36
641,48
641,98
641,19
641,135
641,8
641,9
641,50
641,28
641,65
641,15
641,17
641,24
641,29
641,36
642,20
642,21
642,27
642,8
642,9
642,10
642,15
642,17
643,135
643,27
643,8
643,10
643,50
643,60
643,65
643,14
643,15
643,17
643,24
643,36
644,48
644,4
644,6
644,21
644,2
644,8
644,9
644,10
644,31
644,28
644,51
644,15
644,38
644,24
644,25
645,4
645,19
645,5
645,6
645,191
645,2
645,192
645,8
645,9
645,10
645,11
645,51
645,193
645,15
645,1
645,17
645,24
645,18
645,194
646,48
646,98
646,4
646,21
646,97
646,8
646,28
646,13
646,15
646,24
647,142
647,98
647,21
647,8
647,9
647,10
647,65
647,15
647,17
647,25
648,6
648,21
648,10
648,12
648,14
648,15
648,1
648,16
648,17
648,24
649,48
650,39
649,20
649,6
650,2
650,8
650,9
649,10
650,66
650,11
649,28
649,0
649,13
649,14
650,15
649,1
650,17
651,6
651,73
651,97
651,8
651,9
651,10
651,28
651,0
651,13
651,108
651,15
651,1
651,24
652,15
653,32
653,8
653,1
654,19
654,8
654,9
654,10
654,13
654,15
654,1
654,24
655,39
655,21
655,73
655,97
655,8
655,10
655,31
655,28
655,0
655,13
655,15
655,1
655,24
655,18
656,19
656,22
656,8
656,9
656,10
656,15
656,23
656,16
656,17
656,24
657,191
657,10
658,6
658,97
658,13
658,15
658,25
659,4
659,27
659,2
659,8
659,9
659,10
659,31
659,14
659,15
659,17
659,24
660,98
660,19
660,6
660,7
660,2
660,8
660,9
660,10
660,30
660,26
660,28
660,12
660,0
660,15
660,17
660,24
660,80
660,36
661,48
661,19
661,5
661,6
661,21
661,2
661,8
661,10
661,31
661,28
661,65
661,15
661,38
661,16
661,17
661,24
662,39
662,19
662,8
662,10
662,15
663,39
663,19
663,8
663,9
663,1
663,17
663,24
663,18
664,48
664,98
664,39
664,8
664,9
664,10
664,31
664,28
664,15
664,1
664,38
664,16
664,17
664,46
664,24
664,82
665,39
665,19
665,21
665,73
665,27
665,2
665,76
665,8
665,10
665,30
665,12
665,13
665,15
665,17
665,24
666,71
666,4
666,19
666,20
666,21
666,27
666,2
666,8
666,9
666,10
666,31
666,26
666,69
666,13
666,15
666,17
666,24
666,29
666,117
667,6
667,2
667,76
667,8
667,9
667,10
667,26
667,13
667,15
667,43
667,16
667,17
667,25
668,6
668,132
668,21
668,7
668,27
668,2
668,97
668,8
668,9
668,10
668,26
668,15
668,17
668,176
669,6
669,21
669,2
669,9
669,10
669,30
669,15
669,17
670,98
670,21
670,2
670,65
670,15
671,3
671,98
671,4
671,39
671,19
671,6
671,8
671,9
671,10
671,13
671,65
671,15
671,17
671,24
671,36
671,195
672,19
672,27
672,2
672,8
672,9
672,10
672,50
672,15
672,38
672,17
672,24
673,98
673,4
673,6
673,7
673,2
673,22
673,8
673,9
673,10
673,50
673,13
673,15
673,23
673,16
673,93
673,17
673,113
673,29
674,4
674,19
674,20
674,6
674,8
674,9
674,10
674,15
674,16
674,17
674,24
675,13
675,15
675,24
675,18
676,4
676,6
676,27
676,2
676,8
676,9
676,10
676,31
676,0
676,69
676,15
676,17
676,24
677,19
677,2
677,8
677,9
677,10
677,28
677,0
677,15
677,17
678,180
679,196
680,33
681,180
682,197
683,132
683,198
684,180
685,180
686,180
687,180
688,39
689,39
690,15
690,82
691,48
691,19
691,27
691,2
691,8
691,9
691,10
691,31
691,28
691,0
691,69
691,65
691,14
691,15
691,17
691,45
691,24
691,36
692,5
692,22
692,8
692,9
692,10
692,65
692,15
692,17
692,24
693,4
693,21
693,2
693,8
693,9
693,10
693,15
693,17
693,24
694,48
694,4
694,19
694,5
694,6
694,21
694,7
694,2
694,8
694,9
694,10
694,50
694,31
694,28
694,0
694,13
694,15
694,1
694,16
694,17
694,24
694,29
694,82
694,36
695,6
695,9
695,12
695,15
695,1
695,17
696,48
696,6
696,2
696,8
696,9
696,10
696,28
696,0
696,13
696,15
696,17
696,24
697,4
697,19
697,6
697,37
697,21
697,2
697,8
697,9
697,10
697,50
697,28
697,0
697,13
697,65
697,14
697,15
697,38
697,17
697,24
697,29
698,48
698,27
698,8
698,28
698,15
699,48
699,4
699,19
699,20
699,27
699,2
699,8
699,9
699,10
699,31
699,67
699,28
699,15
699,16
699,17
699,24
699,36
699,147
699,117
700,4
700,119
700,20
700,21
700,2
700,9
700,15
700,1
700,17
701,15
702,71
702,4
702,27
702,2
702,8
702,9
702,10
702,31
702,51
702,13
702,65
702,1
702,16
702,17
703,180
704,2
704,8
704,15
704,43
704,16
704,17
705,8
705,9
705,15
705,17
706,15
706,1
706,17
707,19
707,6
707,21
707,27
707,8
707,199
707,15
708,48
708,6
708,8
708,9
708,10
708,28
708,14
708,15
708,17
708,24
709,39
709,8
709,9
709,15
709,24
710,27
710,8
710,17
710,24
711,39
711,19
711,21
711,200
711,27
711,75
711,2
711,76
711,86
711,8
711,9
711,10
711,50
711,88
711,11
711,89
711,201
711,13
711,15
711,62
712,19
712,62
713,4
713,39
713,19
713,97
713,8
713,9
713,10
713,65
713,14
713,15
713,17
713,36
714,21
714,10
714,1
715,4
715,8
715,10
715,30
715,28
715,0
715,15
715,1
715,24
715,82
716,33
716,34
717,27
717,8
717,15
717,24
718,27
718,8
718,9
718,28
718,61
718,15
718,1
719,8
719,10
719,65
719,1
720,4
720,6
720,21
720,8
720,9
720,10
720,31
720,40
720,51
720,13
720,65
720,14
720,15
720,16
720,17
720,24
721,6
721,2
721,8
721,9
721,10
721,31
721,40
721,65
721,15
721,16
721,17
722,39
722,97
722,8
722,9
722,10
722,15
722,1
722,17
723,48
723,73
723,9
723,10
723,28
723,15
723,1
724,4
724,19
724,5
724,21
724,2
724,76
724,8
724,9
724,10
724,31
724,12
724,51
724,0
724,13
724,14
724,15
724,16
724,17
725,73
725,8
725,10
725,26
725,17
726,39
727,39
728,13
729,4
729,39
729,19
729,5
729,2
729,8
729,9
729,10
729,65
729,15
729,17
729,24
729,29
730,7
730,9
730,10
730,15
731,19
731,21
731,27
731,8
731,9
731,31
731,40
731,15
731,17
731,82
732,4
732,39
732,19
732,5
732,6
732,21
732,27
732,2
732,22
732,8
732,10
732,31
732,40
732,0
732,69
732,13
732,14
732,15
732,41
732,16
732,17
733,8
733,13
733,15
733,24
734,48
734,21
734,8
734,9
734,31
734,30
734,28
734,13
734,15
735,202
735,15
735,24
736,37
736,8
736,13
736,15
737,97
737,8
737,28
737,0
737,105
737,15
737,17
738,51
738,15
739,91
739,4
739,39
739,53
739,6
739,92
739,2
739,59
739,8
739,9
739,10
739,26
739,28
739,15
739,1
739,16
739,17
739,24
740,49
740,8
740,9
740,10
740,40
740,15
740,1
740,16
740,17
740,24
741,27
741,8
742,203
742,4
742,39
742,19
742,6
742,21
742,7
742,2
742,8
742,9
742,10
742,40
742,60
742,13
742,14
742,15
742,1
742,17
742,24
743,4
743,20
743,5
743,21
743,27
743,8
743,9
743,10
743,30
743,28
743,0
743,14
743,15
743,16
743,17
743,24
743,25
744,4
744,19
744,21
744,73
744,27
744,2
744,8
744,9
744,10
744,31
744,40
744,51
744,13
744,15
744,41
744,16
744,17
744,24
745,39
746,48
746,39
746,19
746,10
746,11
746,28
746,0
746,15
746,17
747,48
747,4
747,10
747,28
747,0
747,107
747,13
747,15
748,48
748,28
748,13
748,65
748,15
749,9
749,40
749,15
749,16
750,10
750,24
751,9
751,51
751,15
752,48
752,2
752,28
753,8
753,15
754,8
754,13
754,15
754,82
755,2
755,26
755,51
755,15
755,17
756,28
756,13
757,48
757,4
757,119
757,27
757,8
757,9
757,28
757,65
757,15
757,18
758,10
758,28
758,0
758,15
759,27
759,8
759,15
760,48
760,27
760,8
760,28
760,51
760,15
761,28
761,0
761,13
761,15
761,17
762,22
762,8
762,31
762,15
763,20
763,9
763,15
764,39
764,2
764,76
764,86
764,9
764,50
764,31
764,51
764,15
764,17
765,27
765,2
765,8
765,9
765,10
765,65
765,15
765,64
766,48
766,2
766,9
766,28
766,15
766,17
767,8
768,27
768,8
768,65
768,15
769,9
769,15
770,2
770,15
771,28
771,15
772,14
772,15
773,92
773,9
773,10
773,13
773,15
774,39
774,27
774,8
774,28
774,51
774,0
774,15
774,17
775,2
775,9
775,40
775,13
775,15
775,17
776,2
776,15
777,9
777,15
778,27
778,8
778,9
778,65
779,27
779,8
779,10
779,28
779,51
779,0
779,15
779,17
780,48
780,27
780,8
780,10
780,30
780,28
780,15
781,48
781,28
781,0
781,15
782,10
783,48
783,28
783,15
784,39
784,32
784,15
785,48
785,31
785,28
785,15
786,27
786,2
786,8
786,51
786,15
787,27
787,2
787,8
787,10
787,30
787,15
788,2
788,8
788,10
788,26
788,15
788,1
789,19
789,2
789,22
789,14
789,15
790,6
790,27
790,2
790,8
790,26
790,24
791,19
791,9
791,10
791,14
791,15
791,17
792,8
792,9
792,10
792,31
792,12
792,65
792,15
792,16
792,17
793,48
793,5
793,27
793,8
793,28
793,12
793,14
793,15
793,1
793,93
793,17
793,24
794,19
794,7
794,2
794,8
794,9
794,10
794,50
794,31
794,28
794,0
794,14
794,15
794,1
794,17
794,24
794,29
795,5
795,7
795,28
795,0
795,1
795,24
796,4
796,39
796,5
796,27
796,8
796,9
796,0
796,15
796,24
796,25
797,48
797,21
797,10
797,31
797,30
797,28
797,0
797,14
797,15
798,4
798,39
798,20
798,6
798,37
798,21
798,9
798,15
798,17
798,24
798,36
799,48
799,28
800,19
800,92
800,8
800,9
800,0
800,13
800,15
800,16
800,17
801,48
801,21
801,27
801,8
801,9
801,28
801,0
801,13
801,15
802,48
802,92
802,2
802,9
802,28
802,0
802,13
802,15
803,21
803,27
803,8
803,28
803,15
803,93
804,19
804,21
804,27
804,8
804,9
804,13
804,15
804,38
804,16
804,17
805,14
805,15
806,10
806,28
806,0
806,17
807,8
808,10
809,39
809,19
809,27
809,8
809,9
809,31
809,14
809,15
809,43
809,16
809,17
810,48
811,8
811,9
810,10
810,28
810,13
811,15
811,17
812,48
812,27
812,8
812,28
812,15
813,15
814,27
814,8
814,13
814,65
814,15
814,17
815,4
815,8
815,9
815,10
815,31
815,28
815,0
815,15
815,1
815,17
815,24
816,9
817,8
818,98
818,19
818,8
818,50
819,8
819,9
819,1
819,17
820,39
820,6
820,9
821,8
821,28
821,15
822,48
822,8
822,28
822,0
822,15
823,4
823,6
823,8
823,9
823,10
823,31
823,30
823,51
823,13
823,14
823,15
823,1
823,16
823,17
823,24
824,27
824,8
825,8
825,9
825,10
825,15
825,1
826,21
826,8
826,9
826,13
826,17
826,24
827,39
827,24
828,4
829,48
829,28
829,24
830,9
830,15
831,27
831,8
831,9
831,15
832,4
832,9
832,10
832,65
832,15
833,24
834,9
834,24
835,27
835,8
835,9
835,15
836,48
836,6
836,2
836,76
836,8
836,10
836,28
836,15
836,1
836,38
836,17
837,48
837,27
837,8
837,28
838,6
838,8
839,27
839,8
840,4
840,19
840,5
840,21
840,10
840,28
840,0
840,24
841,48
841,28
841,14
842,19
842,6
842,21
842,2
842,8
842,9
842,10
842,11
842,13
842,15
842,17
843,48
843,21
843,2
843,9
843,28
843,65
843,15
844,48
844,27
844,8
844,28
844,0
844,15
844,17
844,24
845,8
845,9
845,10
845,31
845,51
845,16
846,27
846,8
847,9
847,10
847,28
847,15
847,17
848,48
848,2
848,28
848,65
849,48
849,28
849,1
849,24
850,48
850,5
850,6
850,32
850,27
850,2
850,97
850,8
850,9
850,28
850,51
850,61
850,65
850,15
850,1
850,16
850,24
851,13
851,65
852,48
852,19
852,5
852,7
852,8
852,9
852,10
852,40
852,26
852,28
852,0
852,13
852,65
852,14
852,15
852,1
852,41
852,16
852,17
852,24
852,18
852,29
852,147
853,48
853,4
853,20
853,6
853,28
853,51
853,13
853,1
853,24
854,6
854,27
854,8
854,15
855,19
855,204
855,27
855,8
855,9
855,10
855,51
855,15
856,27
856,8
856,9
856,24
857,4
857,17
858,27
858,8
858,15
859,27
859,8
859,10
859,31
859,51
859,13
859,14
859,15
859,16
859,17
860,9
861,19
861,20
861,27
861,22
861,8
861,9
861,10
861,31
861,28
861,51
861,15
861,16
861,17
861,29
862,6
862,27
862,8
862,10
862,15
862,24
863,27
863,8
863,9
863,40
863,15
864,27
864,8
864,15
865,39
865,8
865,10
865,13
865,15
865,24
866,48
866,205
866,28
866,13
867,8
867,65
867,15
867,1
867,17
868,48
868,19
868,2
868,10
868,28
868,15
868,24
869,4
869,14
870,48
870,21
870,27
870,8
870,28
870,0
870,15
870,24
871,5
871,10
871,28
871,0
871,17
871,24
872,15
872,24
873,48
873,9
873,28
873,13
873,15
874,32
874,27
874,8
874,9
874,10
874,15
874,17
875,27
875,8
875,10
876,8
876,13
876,15
876,17
877,6
877,24
878,9
878,10
878,15
879,48
879,28
879,24
880,8
880,10
880,40
880,0
880,15
880,41
880,16
881,39
881,6
881,92
881,27
881,22
881,8
881,10
881,13
881,15
881,24
882,9
882,17
883,39
883,2
883,8
883,9
883,10
883,31
883,51
883,69
883,15
883,1
883,16
883,17
884,6
884,9
884,26
884,15
885,48
885,21
885,9
885,10
885,28
885,15
886,22
886,9
886,15
886,24
887,48
887,28
887,15
887,24
888,8
888,10
888,28
888,15
888,17
889,8
889,9
889,10
889,40
889,15
890,6
890,21
890,9
890,10
890,0
890,65
890,15
890,17
891,21
891,9
892,8
892,9
892,10
892,31
892,51
892,65
892,16
892,17
893,48
893,6
893,2
893,22
893,8
893,9
893,10
893,28
893,12
893,0
893,13
893,15
893,23
893,16
893,147
894,6
894,10
894,15
894,24
895,20
895,21
895,2
895,8
895,28
895,0
895,65
895,15
895,1
896,92
896,2
896,28
896,12
896,13
896,15
896,1
896,17
896,24
897,48
897,53
897,21
897,8
897,10
897,40
897,28
897,15
897,41
897,16
897,24
897,206
898,30
898,15
898,17
898,24
899,19
899,27
899,2
899,22
899,8
899,30
899,15
899,1
899,17
899,24
900,39
901,48
901,27
901,8
901,28
901,15
902,8
902,9
902,10
902,40
902,14
902,15
902,24
903,8
904,20
904,6
904,2
904,9
904,10
904,13
904,65
904,15
905,47
905,48
905,5
905,8
905,10
905,28
905,124
905,15
905,24
906,4
906,39
906,19
906,5
906,21
906,76
906,86
906,9
906,10
906,50
906,30
906,107
906,13
906,15
906,16
906,17
906,24
907,27
907,8
907,15
907,24
908,48
908,6
908,10
908,26
908,28
909,19
909,20
909,17
910,4
910,2
910,8
910,40
910,13
910,15
910,24
911,27
911,8
911,15
911,17
912,4
912,2
912,8
912,65
912,15
913,13
913,15
914,48
914,92
914,10
914,28
914,13
914,16
914,17
915,15
916,48
916,27
916,8
916,28
917,19
917,15
918,27
918,8
918,15
919,48
919,27
919,2
919,8
919,66
919,28
919,15
919,16
919,17
919,46
919,24
920,31
920,207
920,14
921,32
921,14
921,24
922,21
922,27
922,8
922,31
922,17
923,19
923,5
923,6
923,21
923,76
923,9
923,10
923,28
923,0
923,13
923,105
923,15
923,17
923,24
923,208
924,9
924,15
924,1
924,17
924,24
925,40
925,29
926,19
926,97
926,8
926,10
926,13
926,108
926,15
926,1
926,24
927,97
927,8
927,10
928,48
928,27
928,8
928,28
928,15
929,9
929,15
930,19
930,6
930,2
930,17
931,6
931,24
932,4
932,9
932,13
932,15
932,16
932,17
932,24
933,65
933,15
934,91
934,4
934,6
934,21
934,7
934,92
934,27
934,59
934,8
934,9
934,10
934,30
934,13
934,15
934,17
934,24
935,6
935,97
935,8
935,9
935,10
935,14
935,15
935,17
935,24
935,82
936,21
936,2
936,8
936,10
936,31
936,28
936,51
936,0
936,13
936,15
936,1
936,16
936,29
937,39
938,13
939,10
940,9
940,28
940,12
940,51
940,0
940,15
940,24
941,6
941,9
941,10
941,15
941,1
942,19
942,21
942,2
942,8
942,10
942,31
942,51
942,15
942,1
942,16
942,17
943,6
943,7
943,27
943,2
943,8
943,9
944,10
944,15
943,16
943,17
943,24
944,25
943,29
945,8
946,39
946,13
947,4
947,20
948,10
949,8
950,8
951,2
952,39
953,33
953,34
953,65
954,10
955,10
956,4
956,15
957,4
957,15
958,27
958,8
958,31
958,15
958,1
959,19
959,5
959,21
959,2
959,9
959,10
959,40
959,11
959,26
959,12
959,14
959,15
959,17
960,6
960,14
961,48
961,4
961,19
961,10
961,28
961,0
961,13
961,15
961,1
962,48
962,4
962,19
962,28
962,15
963,19
963,6
963,21
963,27
963,22
963,8
963,9
963,26
963,65
963,14
963,15
963,23
963,16
963,17
963,82
964,2
964,10
964,17
964,18
965,4
965,39
965,20
965,21
965,17
966,48
966,4
966,92
966,8
966,9
966,10
966,30
966,28
966,13
966,14
966,15
966,16
966,17
966,24
967,21
967,27
967,8
967,17
967,24
968,39
968,15
969,8
969,10
969,105
970,10
971,5
971,6
971,8
971,9
971,10
971,31
971,28
971,51
971,0
971,13
971,65
971,15
971,1
971,16
971,17
971,24
972,8
972,10
972,15
972,41
972,16
972,24
973,19
973,17
974,15
975,30
975,28
975,12
975,0
975,15
975,17
976,27
976,8
976,15
976,24
977,9
977,15
977,17
978,15
978,17
979,27
979,8
979,9
980,4
980,20
980,8
980,10
980,31
980,51
980,16
981,9
981,13
981,24
982,6
982,92
982,27
982,8
982,9
982,10
982,31
982,51
982,13
982,16
982,17
983,8
983,9
983,13
983,15
984,19
984,5
984,21
984,2
984,8
984,9
984,10
984,26
984,28
984,12
984,0
984,15
984,16
984,17
984,29
985,6
985,9
985,30
985,17
986,75
986,28
986,0
986,105
987,4
987,2
987,15
987,17
987,24
988,92
988,73
988,8
988,9
988,28
988,0
988,13
988,15
988,16
988,17
989,19
989,65
989,15
989,17
990,5
990,13
991,8
991,9
991,28
991,0
991,13
991,17
991,24
992,10
992,15
992,24
993,5
993,6
993,27
993,8
993,9
993,26
993,13
993,17
994,4
994,5
994,27
994,8
994,9
994,10
994,28
994,0
994,15
994,17
995,26
995,24
996,27
996,2
996,8
996,9
996,15
996,17
997,6
997,9
997,10
997,28
997,0
997,15
997,24
998,8
998,40
998,28
998,0
998,15
998,82
999,9
999,15
999,16
999,17
999,24
1000,19
1001,5
1001,65
1001,14
1002,19
1002,92
1002,13
1002,15
1002,29
1003,27
1003,8
1004,39
1004,6
1004,92
1004,2
1004,8
1004,9
1004,10
1004,28
1004,0
1004,13
1004,65
1004,15
1004,17
1004,24
1004,29
1004,82
1005,4
1005,32
1005,8
1005,9
1005,1
1005,43
1005,16
1005,45
1006,19
1007,115
1007,19
1007,10
1008,8
1008,10
1008,30
1008,26
1008,15
1008,24
1009,27
1009,8
1009,9
1009,10
1009,15
1009,17
1010,8
1010,28
1010,15
1010,1
1010,17
1010,24
1011,4
1011,76
1011,8
1011,10
1011,31
1011,12
1011,51
1011,16
1011,17
1011,24
1012,4
1012,10
1012,13
1012,15
1012,1
1012,17
1012,24
1013,27
1013,8
1013,15
1014,48
1014,4
1014,21
1014,28
1014,13
1014,15
1014,17
1014,24
1015,19
1015,6
1015,27
1015,8
1015,9
1015,15
1015,17
1015,24
1016,13
1017,8
1017,14
1017,15
1017,1
1017,17
1017,24
1018,21
1018,8
1018,9
1018,10
1018,31
1018,51
1018,15
1018,1
1018,16
1018,17
1018,25
1019,13
1019,1
1019,17
1020,2
1020,8
1020,67
1020,12
1020,61
1020,65
1020,15
1021,9
1021,15
1022,19
1022,9
1022,10
1022,28
1022,0
1022,17
1023,2
1023,8
1023,10
1023,31
1023,51
1023,15
1023,1
1023,16
1024,21
1024,8
1024,28
1024,0
1024,14
1024,15
1025,27
1025,8
1025,15
1025,43
1025,16
1026,19
1026,32
1027,15
1028,6
1028,15
1029,19
1029,9
1029,10
1029,28
1029,0
1029,15
1029,1
1029,17
1030,4
1030,19
1030,5
1030,8
1030,9
1030,10
1030,65
1030,15
1030,1
1030,17
1030,24
1030,82
1031,9
1031,10
1031,15
1031,17
1032,10
1033,4
1033,2
1033,15
1033,17
1034,27
1034,8
1034,17
1035,8
1035,28
1035,0
1035,14
1035,15
1035,24
1036,15
1036,24
1037,27
1037,8
1037,12
1037,13
1037,65
1037,14
1037,15
1037,24
1038,17
1038,24
1039,10
1039,15
1040,27
1040,8
1040,26
1040,15
1040,17
1040,82
1041,1
1042,15
1043,21
1043,10
1043,28
1043,0
1043,15
1044,4
1044,20
1044,13
1044,15
1045,4
1045,6
1045,21
1045,9
1045,11
1045,51
1045,15
1045,24
1046,4
1046,27
1046,2
1046,8
1046,9
1046,15
1046,17
1047,5
1047,27
1047,8
1047,10
1048,15
1048,17
1048,24
1049,10
1049,15
1050,19
1050,21
1050,2
1050,9
1050,65
1050,15
1050,17
1050,24
1050,29
1051,21
1051,9
1051,28
1051,0
1051,15
1051,1
1051,24
1052,15
1053,19
1053,10
1053,15
1053,1
1054,13
1054,15
1055,6
1055,8
1055,9
1055,15
1055,1
1055,43
1055,16
1055,17
1055,24
1056,17
1057,19
1057,21
1057,9
1057,10
1057,30
1057,28
1057,51
1057,0
1057,13
1057,15
1057,17
1058,21
1058,10
1058,28
1058,0
1059,2
1059,9
1060,8
1060,40
1060,15
1060,41
1060,16
1060,24
1061,6
1062,19
1062,21
1062,9
1062,10
1062,28
1062,0
1062,14
1062,15
1062,1
1062,133
1062,17
1062,24
1063,15
1064,4
1064,9
1064,51
1064,17
1065,10
1065,14
1065,15
1065,24
1066,15
1067,9
1067,15
1067,1
1067,17
1068,40
1068,14
1068,15
1068,1
1069,97
1069,1
1069,25
1070,13
1070,17
1071,13
1072,4
1072,19
1072,6
1072,27
1072,8
1072,10
1072,66
1072,67
1073,14
1073,15
1072,24
1073,25
1074,48
1074,39
1074,76
1074,86
1074,9
1074,50
1074,28
1074,15
1075,21
1075,2
1075,8
1075,10
1075,40
1075,15
1075,41
1075,16
1075,17
1076,21
1076,9
1076,10
1076,28
1076,0
1076,65
1076,15
1077,27
1077,8
1077,10
1077,50
1077,15
1077,17
1077,209
1078,1
1079,48
1079,72
1079,5
1079,6
1079,21
1079,28
1079,15
1079,17
1080,10
1080,65
1080,15
1080,1
1081,92
1081,13
1082,39
1083,6
1083,21
1083,10
1083,13
1083,15
1083,17
1084,21
1084,27
1084,2
1084,8
1084,13
1085,203
1086,19
1085,6
1086,7
1085,2
1086,15
1085,17
1085,210
1086,24
1087,17
1088,2
1088,8
1088,13
1088,15
1088,82
1089,15
1090,19
1090,20
1090,6
1090,21
1090,76
1090,9
1090,13
1090,15
1090,1
1090,24
1091,15
1091,24
1092,32
1092,24
1093,8
1093,13
1093,82
1094,8
1094,89
1094,13
1094,15
1094,24
1095,48
1095,2
1095,28
1096,4
1096,19
1096,5
1096,2
1096,97
1096,13
1096,15
1096,24
1097,19
1097,20
1097,6
1097,21
1097,9
1097,10
1097,11
1097,51
1097,13
1097,14
1097,15
1097,29
1098,19
1098,5
1098,9
1098,10
1098,28
1098,0
1098,15
1098,1
1098,16
1098,17
1099,24
1100,19
1100,2
1100,8
1100,10
1100,30
1100,12
1100,15
1101,13
1102,6
1102,8
1102,65
1103,6
1103,21
1103,2
1103,8
1103,9
1103,10
1103,31
1103,51
1103,65
1103,14
1103,15
1103,16
1103,17
1104,71
1104,6
1104,76
1104,10
1104,65
1104,15
1104,1
1104,17
1105,22
1105,8
1106,10
1105,28
1105,15
1105,29
1107,15
1107,17
1108,8
1108,89
1108,13
1108,24
1109,13
1110,76
1110,8
1110,9
1110,10
1110,40
1110,14
1110,15
1110,1
1110,41
1110,16
1110,17
1111,19
1111,26
1111,15
1112,21
1112,2
1112,15
1113,48
1113,28
1114,19
1115,6
1115,21
1114,8
1115,9
1114,12
1114,65
1115,15
1115,17
1116,19
1116,2
1116,15
1116,16
1117,19
1117,6
1117,15
1118,9
1118,10
1118,28
1118,0
1118,65
1118,15
1118,24
1119,48
1119,39
1119,28
1119,0
1119,15
1119,24
1120,8
1120,9
1120,28
1120,0
1120,15
1120,16
1121,10
1121,28
1121,0
1121,15
1121,17
1122,21
1122,9
1122,13
1122,15
1122,17
1123,10
1123,15
1124,48
1124,6
1124,21
1124,2
1124,9
1124,10
1124,28
1124,107
1124,15
1124,17
1124,24
1125,15
1125,1
1126,10
1126,17
1126,24
1127,48
1127,28
1127,1
1128,4
1128,10
1128,14
1128,15
1128,113
1129,21
1129,8
1129,10
1129,26
1129,15
1129,17
1130,15
1130,17
1131,19
1131,5
1131,97
1131,1
1132,6
1132,13
1133,8
1133,9
1134,10
1133,31
1133,51
1133,65
1133,1
1133,16
1134,17
1135,2
1135,8
1136,9
1136,13
1136,15
1135,16
1135,24
1137,8
1137,10
1137,31
1137,51
1137,15
1137,16
1137,17
1138,8
1138,9
1139,13
1138,15
1138,17
1138,24
1140,5
1140,9
1141,6
1141,10
1141,24
1142,13
1143,10
1144,13
1143,15
1145,4
1145,2
1145,9
1145,10
1145,28
1145,65
1145,15
1145,17
1145,24
1146,48
1146,8
1146,10
1146,31
1146,28
1146,51
1146,0
1146,65
1146,16
1147,136
1148,4
1148,204
1147,5
1147,27
1147,22
1148,97
1147,8
1147,9
1148,10
1147,12
1148,13
1147,65
1148,14
1147,15
1148,1
1147,23
1147,16
1147,17
1148,24
1149,2
1149,15
1149,1
1149,17
1149,45
1149,24
1150,8
1150,10
1150,31
1150,51
1150,65
1150,16
1151,13
1152,10
1152,13
1152,1
1152,24
1153,5
1153,6
1153,2
1153,10
1153,13
1153,17
1154,13
1155,159
1155,21
1155,8
1155,31
1155,13
1155,15
1156,2
1156,15
1156,1
1157,48
1157,2
1157,8
1157,40
1157,28
1157,15
1157,41
1157,16
1158,48
1158,28
1159,8
1159,9
1159,10
1159,31
1159,51
1159,1
1159,16
1159,17
1160,48
1160,19
1160,6
1160,9
1160,10
1160,28
1160,0
1160,13
1160,105
1160,15
1160,1
1160,17
1161,8
1161,211
1162,27
1162,8
1162,13
1162,65
1163,21
1163,32
1163,8
1163,15
1163,24
1164,27
1164,8
1164,15
1165,6
1165,24
1166,8
1166,1
1166,24
1167,9
1167,15
1168,8
1168,10
1168,15
1169,15
1169,1
1170,48
1170,4
1170,21
1170,2
1170,76
1170,8
1170,10
1170,31
1170,28
1170,0
1170,212
1170,15
1170,16
1170,17
1171,4
1171,9
1171,1
1171,17
1172,19
1172,2
1172,17
1173,10
1174,4
1174,20
1174,6
1174,2
1174,30
1174,40
1174,11
1174,51
1174,65
1174,15
1174,17
1174,24
1175,32
1175,17
1176,19
1176,2
1176,9
1176,65
1176,15
1177,39
1177,19
1177,5
1177,8
1177,10
1177,15
1178,5
1178,21
1178,2
1178,8
1178,9
1178,13
1178,15
1178,16
1178,24
1179,19
1179,21
1179,15
1179,24
1180,5
1180,9
1180,15
1180,1
1180,17
1181,213
1181,48
1181,2
1181,9
1181,28
1181,15
1181,17
1182,4
1182,2
1182,8
1182,9
1182,10
1182,56
1182,14
1182,15
1182,1
1182,17
1183,7
1183,73
1183,9
1183,15
1183,1
1183,24
1184,48
1184,6
1184,21
1184,2
1184,9
1184,10
1184,28
1184,15
1184,17
1184,25
1184,147
1185,15
1186,21
1186,7
1186,27
1186,2
1186,8
1186,28
1186,0
1186,15
1186,17
1186,24
1186,18
1187,19
1187,27
1187,8
1187,9
1187,10
1187,17
1188,27
1188,8
1188,10
1188,40
1188,28
1188,15
1188,24
1189,10
1189,15
1189,24
1190,8
1190,9
1190,10
1190,15
1190,17
1191,9
1191,17
1192,92
1192,8
1192,10
1192,13
1193,48
1193,8
1193,28
1194,21
1194,28
1194,0
1194,15
1195,8
1195,10
1195,65
1195,14
1195,15
1196,8
1196,28
1196,17
1197,48
1197,5
1197,32
1197,2
1197,8
1197,9
1197,10
1197,28
1197,0
1197,15
1197,17
1197,24
1198,8
1198,15
1198,17
1198,24
1199,13
1200,10
1201,21
1201,2
1201,9
1201,10
1201,30
1201,13
1201,15
1201,17
1201,24
1202,21
1202,2
1202,9
1202,15
1202,17
1202,24
1203,2
1203,9
1203,28
1203,0
1203,17
1204,2
1204,8
1204,65
1204,15
1205,4
1205,8
1205,15
1206,8
1206,51
1206,15
1206,82
1207,2
1207,8
1207,51
1207,0
1207,13
1207,15
1207,82
1208,8
1208,51
1208,15
1208,82
1209,21
1209,8
1209,51
1209,15
1209,82
1210,8
1210,15
1210,82
1211,13
1212,92
1212,13
1213,4
1213,21
1213,2
1213,9
1213,10
1213,28
1213,0
1213,15
1214,10
1214,30
1215,5
1215,6
1215,21
1215,10
1215,26
1215,28
1215,0
1215,17
1216,1
1217,21
1217,8
1218,6
1218,2
1218,8
1218,9
1218,13
1218,15
1218,17
1218,24
1219,8
1219,9
1219,10
1219,28
1219,0
1219,15
1219,17
1220,4
1220,5
1220,21
1220,92
1220,2
1220,9
1220,13
1220,15
1220,17
1221,48
1221,6
1221,8
1221,9
1221,28
1221,15
1221,16
1221,24
1222,5
1222,2
1222,8
1222,10
1222,28
1222,0
1222,15
1222,17
1223,5
1223,32
1223,2
1223,8
1223,24
1224,48
1224,2
1224,8
1224,9
1224,28
1224,15
1224,1
1224,17
1225,19
1225,8
1225,9
1225,15
1225,43
1225,16
1225,17
1225,24
1226,9
1226,15
1226,17
1227,8
1227,9
1227,105
1227,14
1227,15
1227,16
1227,24
1228,48
1228,21
1228,28
1228,51
1228,15
1229,48
1229,21
1229,8
1229,28
1230,10
1230,24
1231,21
1231,8
1231,9
1231,10
1231,15
1231,1
1231,24
1232,9
1232,10
1232,15
1232,17
1232,24
1233,5
1233,2
1233,9
1233,10
1233,15
1233,17
1234,92
1234,28
1234,0
1234,13
1234,17
1234,24
1235,19
1235,2
1235,10
1235,14
1235,15
1235,1
1235,93
1236,48
1236,7
1236,9
1236,11
1236,28
1236,0
1236,13
1236,15
1236,17
1236,24
1237,15
1238,15
1239,48
1239,28
1239,24
1240,24
1241,9
1241,10
1241,0
1241,15
1241,17
1242,6
1242,21
1242,10
1242,15
1242,24
1243,48
1243,19
1243,21
1243,28
1243,15
1243,17
1243,24
1244,48
1244,21
1244,28
1244,24
1245,10
1245,13
1245,14
1245,24
1246,5
1246,6
1246,21
1246,2
1246,9
1246,10
1246,30
1246,26
1246,15
1246,17
1246,24
1246,25
1247,14
1248,48
1248,2
1248,10
1248,28
1248,24
1249,48
1249,10
1249,28
1249,17
1250,19
1251,17
1251,24
1252,5
1252,6
1252,21
1252,50
1252,15
1252,17
1253,48
1253,28
1253,17
1254,5
1254,65
1254,15
1255,8
1255,13
1255,15
1256,8
1257,21
1257,9
1257,10
1257,13
1257,105
1257,17
1257,24
1258,4
1258,7
1258,10
1258,26
1258,28
1258,0
1258,17
1258,113
1258,24
1259,48
1259,28
1260,5
1260,6
1260,21
1260,8
1260,9
1260,10
1260,30
1260,11
1260,124
1260,15
1260,17
1260,24
1261,6
1261,7
1261,8
1261,9
1261,10
1262,2
1263,48
1263,7
1263,8
1263,28
1263,13
1263,15
1263,24
1264,75
1264,14
1264,15
1265,8
1266,15
1266,24
1267,97
1267,8
1267,13
1267,15
1267,24
1268,48
1268,28
1269,5
1269,8
1269,10
1269,31
1269,51
1269,13
1269,16
1269,24
1270,48
1270,28
1270,1
1270,17
1270,24
1271,21
1271,65
1272,8
1272,105
1272,17
1273,48
1273,28
1273,1
1274,5
1274,2
1274,15
1274,17
1275,48
1275,28
1276,48
1276,19
1276,20
1276,6
1276,7
1276,8
1276,9
1276,10
1276,30
1276,11
1276,26
1276,28
1276,51
1276,0
1276,14
1276,15
1276,16
1276,17
1276,24
1277,4
1277,65
1277,15
1277,1
1277,16
1277,17
1277,24
1278,19
1278,2
1278,9
1278,105
1278,17
1279,21
1279,92
1279,9
1279,13
1279,15
1279,17
1280,10
1280,65
1280,24
1281,48
1281,8
1281,10
1281,28
1282,2
1282,8
1282,24
1283,48
1283,8
1283,28
1283,105
1284,8
1284,43
1284,16
1285,24
1286,13
1286,15
1286,24
1287,5
1287,6
1287,21
1287,2
1287,8
1287,9
1287,10
1287,31
1287,51
1287,15
1287,16
1287,17
1287,25
1288,17
1289,4
1290,24
1291,8
1291,9
1291,10
1291,24
1292,48
1292,28
1293,0
1293,1
1293,17
1294,19
1294,24
1295,48
1295,19
1295,21
1295,8
1295,9
1295,10
1295,31
1295,28
1295,51
1295,13
1295,14
1295,15
1295,16
1295,17
1295,24
1296,8
1296,28
1296,0
1296,13
1296,65
1296,15
1297,0
1297,24
1298,15
1299,105
1299,15
1300,24
1301,8
1302,5
1302,21
1302,9
1302,10
1302,13
1302,15
1302,17
1302,24
1303,5
1304,65
1305,92
1305,8
1305,10
1305,13
1306,48
1306,28
1307,48
1307,28
1307,15
1308,48
1308,28
1309,2
1309,8
1309,15
1309,24
1309,82
1310,15
1310,16
1311,6
1311,21
1311,9
1311,13
1311,15
1311,1
1311,17
1312,5
1312,9
1312,15
1312,1
1312,24
1313,48
1313,28
1313,0
1313,1
1314,48
1314,28
1314,0
1314,105
1314,17
1314,24
1315,76
1315,97
1315,8
1315,13
1315,14
1315,15
1315,17
1316,5
1316,6
1316,9
1316,28
1316,13
1316,15
1316,24
1317,15
1317,24
1318,20
1318,2
1318,97
1318,9
1318,10
1318,0
1318,15
1318,17
1318,45
1319,13
1319,15
1319,24
1320,10
1321,19
1321,21
1321,8
1321,9
1321,10
1321,15
1321,24
1322,39
1322,5
1322,2
1322,76
1322,86
1322,9
1322,50
1322,65
1322,15
1322,17
1323,19
1323,14
1323,1
1323,17
1323,24
1324,8
1324,9
1324,10
1324,31
1324,28
1324,51
1324,13
1324,105
1324,1
1324,16
1324,17
1325,4
1325,20
1325,5
1325,21
1325,8
1325,9
1325,10
1325,30
1325,28
1325,0
1325,56
1325,15
1325,17
1325,82
1326,48
1326,28
1326,15
1327,21
1328,8
1328,17
1329,8
1329,10
1329,15
1330,2
1330,15
1331,5
1331,2
1331,8
1331,9
1331,10
1331,30
1331,40
1331,28
1331,51
1331,0
1331,15
1331,41
1331,16
1331,17
1331,24
1332,1
1333,5
1333,2
1333,9
1333,10
1333,28
1333,0
1333,15
1333,1
1333,24
1334,92
1334,2
1334,8
1334,10
1334,28
1334,0
1334,13
1334,1
1334,24
1334,82
1335,8
1336,8
1336,10
1337,9
1337,15
1337,1
1337,17
1338,48
1338,5
1338,6
1338,28
1339,6
1339,21
1339,9
1339,17
1339,45
1339,24
1340,8
1341,48
1341,5
1341,21
1341,8
1341,9
1341,10
1341,30
1341,40
1341,28
1341,0
1341,13
1341,15
1341,41
1341,16
1341,17
1341,45
1341,24
1341,82
1342,13
1343,6
1343,10
1344,6
1344,9
1344,24
1345,8
1345,9
1345,10
1345,14
1345,15
1345,17
1346,1
1347,19
1348,9
1348,17
1349,17
1350,48
1350,5
1350,8
1350,9
1350,28
1350,0
1350,108
1350,15
1350,17
1350,110
1350,82
1351,48
1351,10
1351,28
1351,13
1351,105
1351,15
1351,17
1352,15
1353,48
1353,8
1353,9
1353,28
1353,17
1354,2
1354,15
1355,4
1355,15
1356,15
1356,17
1357,24
1358,48
1358,21
1358,73
1358,10
1358,28
1359,7
1359,8
1359,10
1359,15
1359,1
1359,93
1359,24
1359,82
1360,4
1360,5
1360,21
1360,9
1360,10
1360,30
1360,28
1360,0
1360,13
1360,15
1360,17
1361,9
1361,14
1361,17
1362,48
1362,9
1362,28
1362,13
1362,15
1363,48
1363,28
1363,13
1364,10
1364,14
1364,1
1365,13
1366,13
1367,5
1367,8
1368,15
1368,1
1369,13
1370,5
1370,21
1370,92
1370,13
1370,15
1371,21
1371,2
1371,1
1372,5
1372,7
1372,8
1372,10
1373,10
1373,13
1374,10
1374,13
1375,21
1375,9
1375,10
1375,13
1375,17
1376,180
1377,4
1377,8
1378,5
1378,21
1378,8
1378,9
1378,10
1378,30
1378,15
1378,17
1378,82
1379,13
1380,105
1381,4
1381,20
1382,105
1383,13
1384,8
1385,14
1386,92
1386,8
1386,13
1387,13
1388,8
1389,8
1390,8
1391,2
1391,8
1391,28
1391,0
1391,1
1392,1
1393,21
1394,4
1394,1
1395,21
1395,59
1395,10
1395,13
1395,15
1395,1
1396,2
1397,8
1397,14
1398,10
1399,92
1399,8
1399,9
1399,13
1399,15
1399,16
1399,17
1400,21
1401,13
1402,48
1402,28
1402,15
1403,15
1404,12
1405,28
1405,0
1406,48
1406,28
1407,21
1407,2
1407,17
1408,21
1408,9
1409,17
1410,5
1410,21
1410,2
1410,9
1410,10
1410,15
1410,16
1410,17
1411,8
1412,19
1413,18
1414,1
1415,9
1415,17
1416,10
1416,17
1417,48
1417,21
1417,9
1417,28
1417,0
1417,17
1418,8
1418,9
1418,15
1418,16
1419,21
1420,4
1420,20
1420,9
1420,10
1421,10
1422,21
1422,9
1422,17
1423,21
1423,15
1423,45
1423,24
1424,10
1424,1
1425,24
1426,10
1427,21
1427,8
1427,9
1427,10
1427,15
1427,16
1427,25
1427,82
1428,4
1428,8
1428,10
1428,31
1428,40
1428,15
1428,16
1428,113
1429,10
1429,1
1430,92
1430,13
1431,19
1431,21
1431,9
1431,10
1431,13
1431,105
1431,14
1431,17
1432,10
1433,10
1434,15
1435,9
1435,10
1435,17
1436,1
1437,8
1438,9
1438,28
1438,0
1438,14
1438,15
1439,10
1439,15
1439,1
1440,9
1440,15
1440,17
1441,19
1441,5
1441,2
1441,9
1441,11
1441,28
1441,51
1441,0
1441,105
1441,15
1441,17
1442,17
1443,19
1443,10
1444,5
1444,2
1444,10
1444,28
1444,0
1444,15
1445,5
1446,48
1446,28
1446,17
1447,8
1447,10
1447,40
1447,15
1447,41
1447,16
1448,92
1448,9
1448,13
1448,17
1449,4
1449,5
1449,8
1449,10
1449,30
1449,28
1449,0
1449,17
1449,82
1450,2
1450,15
1450,17
1451,1
1452,1
1453,7
1453,9
1453,10
1453,13
1453,17
1454,5
1454,21
1454,8
1454,9
1454,10
1454,28
1454,0
1454,17
1454,82
1455,19
1455,10
1455,17
1456,48
1456,21
1456,92
1456,9
1456,10
1456,28
1456,13
1456,15
1457,9
1458,9
1458,17
1459,21
1459,9
1459,14
1459,15
1459,1
1459,133
1459,17
1460,48
1460,5
1460,21
1460,2
1460,9
1460,10
1460,28
1460,0
1460,15
1460,17
1461,4
1461,20
1461,5
1461,21
1461,2
1461,10
1461,30
1461,28
1461,0
1461,13
1462,5
1462,28
1462,0
1462,13
1463,21
1463,10
1463,15
1464,7
1464,9
1464,1
1464,17
1465,2
1466,21
1466,28
1466,0
1466,15
1466,62
1467,48
1467,28
1467,15
1467,62
1468,15
1469,21
1469,8
1469,9
1469,15
1469,16
1470,8
1471,13
1472,13
1473,39
1473,76
1473,86
1473,9
1473,50
1474,15
1474,17
1474,24
1475,4
1475,15
1476,15
1477,8
1477,9
1477,10
1477,13
1477,105
1477,15
1477,17
1478,10
1479,92
1479,13
1479,17
1480,13
1480,15
1481,15
1482,19
1482,5
1482,21
1482,28
1482,51
1482,0
1482,15
1482,24
1483,17
1484,13
1485,2
1485,9
1485,15
1486,13
1487,10
1488,8
1488,40
1488,15
1488,41
1488,16
1489,28
1490,2
1490,13
1490,15
1491,10
1491,12
1492,17
1493,9
1493,17
1494,17
1494,25
1495,5
1495,21
1495,15
1496,5
1496,8
1497,15
1498,21
1498,8
1498,17
1499,21
1499,8
1499,9
1499,17
1500,19
1500,8
1500,9
1500,40
1500,11
1500,15
1500,41
1500,16
1500,17
1501,9
1501,10
1501,13
1501,14
1502,21
1502,15
1503,8
1503,13
1504,8
1505,8
1505,9
1505,10
1506,13
1507,5
1507,21
1507,10
1507,13
1508,9
1508,15
1508,17
1509,10
1510,4
1510,9
1510,13
1510,14
1510,15
1510,17
1511,28
1512,8
1513,5
1513,21
1513,15
1514,4
1514,20
1514,214
1514,21
1514,205
1514,9
1514,10
1514,15
1515,105
1516,8
1517,21
1517,13
1518,21
1518,10
1518,28
1518,15
1519,10
1520,39
1520,2
1520,76
1520,86
1520,9
1520,50
1520,15
1520,17
1521,92
1521,8
1521,40
1521,13
1521,15
1521,41
1521,16
1522,19
1522,8
1522,9
1522,10
1522,28
1522,0
1522,15
1522,17
1523,48
1523,21
1523,8
1523,9
1523,10
1523,31
1523,28
1523,51
1523,15
1523,16
1523,17
1524,9
1524,10
1524,17
1525,17
1526,15
1527,13
1527,15
1528,21
1528,8
1528,10
1528,15
1529,15
1530,8
1530,9
1530,17
1531,4
1531,15
1532,180
1533,13
1534,17
1535,15
1536,0
1537,39
1537,5
1537,76
1537,86
1537,9
1537,50
1537,14
1538,39
1538,76
1538,86
1538,9
1538,10
1538,50
1538,13
1539,8
1539,28
1539,0
1539,15
1539,17
1540,4
1540,21
1540,113
1541,17
1542,4
1542,39
1542,19
1542,76
1542,86
1542,9
1542,50
1542,11
1542,51
1543,5
1543,73
1543,28
1544,15
1544,1
1544,17
1545,97
1545,13
1545,24
1546,19
1546,7
1546,1
1546,17
1547,9
1547,15
1547,17
1548,10
1548,15
1548,17
1549,9
1549,17
1550,5
1550,21
1550,2
1550,9
1550,10
1550,28
1550,0
1550,13
1550,15
1550,17
1551,10
1552,19
1552,21
1552,14
1553,19
1553,21
1554,5
1554,21
1554,28
1554,0
1555,19
1555,7
1555,15
1556,4
1556,21
1556,15
1557,21
1557,7
1557,9
1557,15
1557,17
1558,21
1558,8
1558,10
1559,13
1560,5
1560,21
1560,10
1560,28
1560,0
1560,13
1560,15
1560,17
1561,19
1562,8
1562,15
1563,8
1564,13
1565,17
1566,4
1566,5
1566,21
1566,8
1566,10
1566,28
1566,0
1566,15
1566,1
1566,17
1566,113
1566,82
1567,24
1568,5
1568,21
1568,9
1568,15
1568,17
1569,10
1570,8
1571,28
1571,13
1572,48
1572,21
1573,9
1572,28
1573,15
1573,17
1573,45
1573,24
1574,21
1574,8
1574,10
1574,31
1574,51
1574,16
1574,18
1574,82
1575,28
1575,13
1576,8
1576,1
1577,8
1577,10
1578,4
1578,21
1578,9
1578,28
1578,0
1578,15
1578,17
1579,5
1579,8
1579,9
1579,15
1579,1
1579,16
1579,17
1580,17
1581,21
1582,5
1582,9
1582,10
1582,28
1582,0
1582,15
1582,17
1583,4
1583,13
1583,15
1583,113
1584,17
1585,5
1585,2
1585,8
1586,5
1586,21
1586,28
1586,0
1587,13
1587,15
1587,18
1588,10
1589,21
1589,7
1589,9
1589,17
1590,31
1591,17
1592,9
1592,10
1593,5
1593,15
1594,1
1595,15
1596,10
1597,13
1597,1
1598,2
1599,0
1599,17
1600,21
1600,15
1600,1
1601,2
1601,28
1601,0
1602,5
1602,21
1602,2
1602,9
1602,10
1602,28
1602,0
1602,17
1603,9
1603,17
1604,29
1605,2
1606,21
1607,15
1608,21
1608,9
1608,10
1608,13
1608,65
1609,48
1609,28
1609,0
1610,39
1610,20
1610,21
1610,76
1610,86
1610,8
1610,9
1610,50
1610,10
1610,31
1610,51
1610,15
1610,16
1611,73
1611,8
1611,9
1611,10
1611,17
1612,9
1612,17
1612,18
1613,18
1614,5
1614,21
1614,2
1614,8
1614,28
1614,0
1614,15
1614,17
1614,82
1615,21
1616,20
1616,8
1616,9
1616,17
1616,24
1617,1
1618,8
1619,10
1619,105
1620,48
1620,9
1620,28
1620,0
1620,17
1621,8
1622,1
1623,8
1624,8
1625,19
1625,9
1625,31
1625,15
1625,17
1626,21
1626,15
1627,8
1627,9
1627,31
1627,28
1627,0
1627,65
1627,16
1628,21
1628,10
1628,13
1628,15
1629,13
1630,19
1631,2
1631,10
1632,10
1633,21
1633,2
1633,10
1634,48
1634,196
1634,21
1634,11
1634,28
1634,0
1634,15
1634,17
1635,13
1636,13
1636,14
1636,1
1637,5
1637,17
1638,19
1638,8
1638,9
1638,10
1639,5
1639,2
1639,9
1639,28
1639,0
1639,15
1640,48
1640,28
1641,9
1642,14
1643,4
1643,9
1643,15
1644,48
1644,21
1644,8
1644,9
1644,28
1644,0
1644,14
1644,17
1645,48
1645,21
1645,9
1645,28
1645,17
1646,105
1647,5
1647,28
1647,0
1647,17
1648,5
1648,21
1648,28
1648,0
1648,15
1648,25
1649,5
1649,2
1650,2
1651,4
1651,5
1651,21
1651,2
1651,9
1651,10
1651,17
1652,21
1652,15
1653,21
1653,9
1653,17
1654,48
1654,28
1655,9
1655,17
1656,5
1656,21
1656,9
1656,28
1656,0
1656,13
1656,15
1656,1
1656,17
1657,5
1657,7
1657,2
1657,9
1657,10
1657,28
1657,0
1657,17
1658,39
1658,76
1658,86
1658,9
1658,10
1658,50
1658,105
1659,7
1659,8
1659,10
1659,31
1659,51
1659,1
1659,16
1660,1
1661,21
1661,9
1661,13
1661,17
1662,13
1663,21
1663,9
1663,10
1663,14
1663,15
1663,17
1664,5
1665,21
1666,17
1667,21
1667,9
1667,10
1667,15
1667,17
1668,48
1668,4
1668,21
1668,8
1668,9
1668,10
1668,28
1668,0
1668,17
1668,113
1669,5
1669,2
1669,8
1669,10
1669,28
1669,0
1669,15
1669,82
1670,9
1670,31
1670,17
1671,48
1671,20
1671,5
1671,8
1671,9
1671,10
1671,28
1671,0
1671,17
1672,5
1672,9
1672,10
1672,13
1672,15
1672,17
1673,18
1674,21
1675,5
1675,21
1675,9
1675,28
1675,0
1675,105
1675,17
1676,5
1676,8
1676,10
1676,28
1676,0
1676,17
1676,82
1677,9
1677,17
1678,21
1679,19
1679,8
1680,19
1681,105
1682,5
1682,21
1682,28
1682,0
1682,15
1682,24
1682,25
1683,21
1683,9
1683,10
1683,13
1683,15
1684,5
1684,21
1684,2
1685,48
1685,5
1685,21
1685,8
1685,9
1685,10
1685,28
1685,0
1685,17
1686,13
1687,14
1688,21
1688,10
1688,13
1689,15
1690,48
1690,19
1690,5
1690,21
1690,8
1690,9
1690,28
1690,0
1690,17
1690,82
1691,4
1691,5
1691,9
1691,28
1691,0
1691,65
1691,15
1691,17
1692,48
1692,8
1692,28
1692,15
1693,15
1694,5
1694,15
1695,21
1695,9
1695,10
1695,15
1695,17
1695,24
1696,5
1696,21
1696,2
1696,9
1696,10
1696,28
1696,0
1696,15
1696,17
1696,24
1697,10
1697,29
1698,5
1698,21
1698,2
1698,9
1698,28
1698,0
1699,48
1699,9
1699,28
1699,0
1699,1
1699,17
1699,24
1700,21
1700,9
1700,17
1701,5
1701,21
1701,2
1701,10
1701,28
1701,0
1701,15
1702,21
1703,5
1703,21
1704,10
1705,1
1706,13
1707,21
1707,105
1707,17
1708,15
1709,1
1710,5
1710,2
1711,15
1711,1
1712,10
1713,1
1714,13
1715,8
1716,8
1716,105
1716,1
1717,5
1717,21
1717,10
1717,28
1717,0
1717,105
1718,18
1719,14
1720,20
1720,21
1720,2
1720,9
1720,10
1720,28
1720,15
1720,17
1721,19
1722,5
1722,21
1722,28
1722,0
1722,215
1723,19
1724,1
1725,13
1726,21
1726,10
1726,17
1727,19
1727,17
1728,105
1729,13
1730,21
1731,21
1732,1
1732,17
1733,5
1733,28
1733,0
1733,15
1733,17
1734,2
1734,15
1735,17
1736,5
1736,21
1736,8
1736,10
1736,28
1736,0
1736,13
1736,15
1736,82
1737,2
1738,1
1739,21
1739,9
1739,10
1739,15
1740,21
1740,9
1741,21
1741,15
1742,0
1743,21
1744,14
1745,14
1745,1
1746,17
1747,108
1747,110
1748,1
1749,39
1749,8
1749,15
1750,5
1750,21
1750,2
1750,10
1750,28
1750,0
1751,21
1751,2
1752,21
1752,2
1752,13
1753,5
1754,13
1754,14
1754,17
1755,5
1755,21
1755,9
1755,10
1755,28
1755,0
1755,15
1755,17
1756,1
1757,21
1757,10
1757,15
1758,21
1758,10
1758,13
1759,4
1759,5
1759,2
1759,8
1759,9
1759,10
1759,28
1759,0
1759,17
1759,82
1760,9
1760,17
1761,1
1762,8
1762,10
1762,31
1762,51
1762,1
1762,16
1763,10
1764,39
1764,76
1764,86
1764,9
1764,50
1765,5
1765,2
1765,18
1766,15
1767,21
1767,8
1767,15
1767,1
1767,17
1767,82
1768,9
1768,17
1769,5
1769,21
1769,10
1770,21
1770,8
1770,9
1770,15
1770,17
1770,82
1771,5
1771,21
1771,2
1771,28
1771,0
1772,5
1772,9
1772,24
1773,5
1773,105
1774,5
1774,10
1775,21
1775,15
1776,8
1776,1
1777,1
1778,8
1778,10
1778,15
1778,16
1779,5
1779,21
1779,17
1780,2
1781,17
1782,9
1782,10
1782,15
1782,17
1783,5
1783,8
1783,28
1783,0
1783,24
1783,82
1784,5
1784,2
1785,1
1785,17
1786,18
1787,9
1787,17
1788,21
1788,9
1788,13
1788,17
1789,17
1790,21
1791,1
1792,1
1793,4
1793,19
1793,21
1793,10
1793,13
1793,113
1794,17
1794,46
1795,4
1795,113
1796,5
1796,21
1796,9
1796,10
1796,28
1796,0
1796,17
1797,10
1797,13
1798,13
1798,15
1799,2
1800,5
1800,10
1800,14
1801,1
1801,17
1802,9
1802,15
1803,10
1804,39
1804,76
1804,86
1804,9
1804,50
1805,5
1805,2
1805,8
1805,105
1806,13
1807,4
1807,5
1807,2
1807,8
1807,10
1807,28
1807,0
1807,17
1807,24
1807,82
1808,18
1809,21
1810,21
1810,9
1810,28
1810,0
1810,15
1810,17
1811,4
1811,5
1811,21
1811,8
1811,28
1811,0
1811,15
1811,113
1811,82
1812,13
1813,21
1813,17
1814,15
1815,97
1816,19
1816,5
1816,21
1816,8
1816,10
1816,28
1816,0
1816,1
1816,82
1817,1
1818,19
1819,21
1820,5
1820,10
1821,15
1822,5
1822,2
1822,9
1822,28
1822,0
1822,15
1822,17
1823,1
1824,4
1824,5
1824,2
1824,10
1825,17
1826,5
1826,21
1826,8
1826,10
1826,28
1826,0
1826,82
1827,39
1827,76
1827,86
1827,9
1827,50
1828,39
1828,76
1828,86
1828,9
1828,50
1829,5
1829,21
1829,28
1829,0
1829,15
1830,105
1831,13
1832,5
1832,21
1833,19
1833,1
1834,15
1835,15
1836,10
1836,15
1837,21
1838,8
1839,39
1839,5
1839,76
1839,86
1839,9
1839,10
1839,50
1840,28
1840,0
1840,13
1840,1
1841,5
1841,14
1842,10
1843,48
1843,28
1844,15
1845,19
1845,9
1845,15
1846,5
1846,21
1846,9
1846,15
1847,19
1847,21
1847,15
1848,21
1848,9
1848,10
1849,5
1849,13
1850,4
1850,20
1850,17
1851,48
1851,28
1852,21
1853,8
1854,4
1854,20
1855,8
1856,1
1857,21
1858,19
1858,5
1858,17
1859,4
1859,20
1860,13
1861,39
1861,76
1861,86
1861,9
1861,50
1861,17
1862,48
1863,8
1862,28
1863,16
1864,21
1864,8
1864,9
1864,31
1864,15
1864,16
1865,21
1865,8
1865,9
1865,10
1865,31
1865,28
1865,51
1865,0
1865,15
1865,16
1866,9
1866,28
1867,21
1867,15
1868,8
1869,1
1870,21
1870,24
1871,21
1871,8
1871,28
1871,0
1871,15
1871,1
1871,82
1872,1
1873,105
1873,1
1874,8
1875,15
1876,10
1876,13
1877,21
1877,28
1877,0
1877,15
1878,8
1879,21
1879,1
1880,10
1881,15
1882,9
1882,13
1883,21
1884,19
1885,14
1886,4
1886,113
1887,14
1887,1
1888,9
1889,21
1889,28
1889,0
1889,15
1889,1
1889,18
1890,21
1891,39
1891,76
1891,86
1891,9
1891,50
1892,21
1893,21
1893,9
1893,10
1893,17
1894,21
1894,10
1895,4
1895,21
1895,8
1895,10
1895,31
1895,51
1895,15
1895,16
1896,4
1896,20
1897,17
1898,21
1898,108
1898,15
1898,1
1898,110
1899,17
1900,21
1901,15
1902,17
1903,21
1903,15
1904,14
1905,13
1906,39
1906,76
1906,86
1906,9
1906,50
1907,108
1907,110
1908,14
1909,13
1909,1
1910,21
1911,15
1912,15
1913,13
1914,21
1915,21
1915,10
1915,15
1916,19
1916,28
1916,0
1917,15
1918,15
1918,1
1918,24
1919,9
1920,24
1921,21
1921,8
1922,13
1922,15
1923,1
1924,15
1925,19
1925,15
1925,17
1926,21
1926,13
1926,1
1926,17
1927,19
1928,6
1928,1
1929,19
1930,39
1930,21
1930,8
1930,15
1931,13
1932,15
1932,1
1933,15
1934,15
1935,4
1935,15
1935,17
1935,113
1935,24
1936,13
1937,2
1938,24
1939,20
1940,21
1941,19
1942,4
1942,15
1943,20
1944,9
1944,15
1945,13
1945,1
1945,17
1946,21
1946,1
1947,10
1948,4
1948,20
1948,8
1948,1
1948,82
1949,21
1949,10
1949,28
1949,0
1949,24
1950,21
1950,8
1950,10
1950,28
1950,0
1950,82
1951,21
1951,9
1951,10
1951,15
1952,39
1952,76
1952,86
1952,9
1952,10
1952,50
1952,15
1953,21
1953,15
1954,10
1954,28
1954,0
1955,108
1955,110
1956,21
1956,10
1957,1
1958,21
1958,24
1959,19
1959,15
1960,21
1960,28
1960,0
1960,25
1961,21
1961,10
1961,28
1961,0
1961,15
1962,21
1962,8
1962,15
1962,82
1963,21
1963,15
1964,21
1964,28
1964,0
1964,15
1965,21
1965,28
1965,0
1965,65
1965,15
1966,205
1967,21
1968,21
1968,10
1968,25
1969,21
1970,21
1970,16
1970,17
1971,21
1971,8
1971,28
1971,0
1971,82
1972,21
1972,8
1972,10
1972,82
1973,21
1973,8
1973,28
1973,82
1974,4
1974,15
1975,4
1975,15
1976,4
1976,15
1977,21
1977,8
1977,28
1977,0
1977,82
1978,8
1978,10
1978,82
1979,21
1979,28
1979,0
1979,15
1980,21
1980,17
1981,21
1982,21
1983,10
1983,28
1983,0
1983,15
1984,8
1984,10
1984,82
1985,17
1986,21
1986,10
1987,8
1987,10
1987,31
1987,51
1987,16
1988,21
1989,1
1990,13
1991,39
1991,76
1991,86
1991,9
1991,50
1992,10
1993,15
1994,21
1995,21
1996,21
1996,15
1997,18
1998,1
1999,14
2000,21
2000,15
2000,1
2001,10
2001,28
2001,0
2002,10
2002,14
2003,21
2004,13
2005,21
2005,28
2005,0
2006,21
2006,8
2006,15
2006,82
2007,21
2007,8
2007,28
2007,0
2007,15
2007,82
2008,14
2009,15
2010,28
2010,1
2011,9
2012,65
2013,14
2014,24
2015,14
2015,17
2016,4
2016,20
2016,15
2017,10
2017,28
2017,0
2017,15
2018,5
2019,8
2020,17
2021,10
2021,1
2022,14
2023,1
2024,1
2025,20
2025,15
2026,15
2027,19
2027,18
2028,18
2029,10
2030,17
2031,19
2032,17
2033,1
2034,15
2035,17
2036,19
2037,10
2037,28
2037,0
2038,18
2039,1
2040,8
2040,15
2040,82
2041,18
2042,15
2043,28
2043,0
2044,1
2045,1
2046,15
2047,17
2048,1
2049,28
2049,0
2050,15
2051,28
2051,0
2051,15
2052,14
2053,4
2053,113
2054,24
2055,28
2055,0
2056,15
2057,1
2058,1
2059,15
2060,1
2061,15
2062,1
2063,28
2063,0
2064,14
2064,1
2065,28
2065,0
2065,1
2065,17
2066,10
2067,1
2068,10
2069,1
2070,28
2070,0
2070,1
2071,15
2072,9
2072,28
2072,0
2073,10
2073,24
2074,15
2075,10
2076,10
2076,28
2076,0
2076,15
2076,17
2077,13
2078,24
2079,1
2080,9
2080,15
2081,15
2082,10
2082,28
2082,0
2083,14
2084,28
2084,0
2085,1
2086,8
2086,10
2086,28
2086,0
2086,15
2086,24
2086,82
2087,8
2087,28
2087,0
2087,24
2087,82
2088,8
2088,10
2088,28
2088,0
2088,82
2089,9
2089,15
2090,15
2091,15
2091,1
2092,15
2093,28
2093,0
2094,28
2094,0
2095,8
2095,10
2095,28
2095,0
2095,15
2095,82
2096,15
2097,10
2097,28
2097,0
2097,17
2098,28
2098,0
2099,10
2099,28
2099,0
2099,17
2100,15
2101,4
2102,13
2103,1
2104,15
2105,1
2106,10
2106,13
2107,10
2107,28
2107,0
2107,17
2108,1
2109,1
2110,15
2110,1
2111,28
2111,0
2111,17
2112,8
2112,28
2112,0
2112,82
2113,1
2114,1
2115,1
2116,28
2116,0
2117,11
2118,1
2119,15
2120,15
2121,1
2122,8
2122,10
2122,28
2122,0
2122,15
2122,82
2123,19
2123,1
2124,15
2125,15
2126,1
2127,8
2127,28
2127,0
2127,82
2128,1
2129,10
2130,10
2130,28
2130,0
2131,15
2132,28
2132,0
2133,15
2134,15
2135,10
2136,15
2137,19
2138,15
2139,1
2140,4
2140,9
2140,62
2140,113
2141,15
2142,17
2143,10
2143,17
2144,4
2144,9
2144,15
2144,113
2145,1
2146,15
2147,14
2148,10
2149,19
2149,28
2149,0
2149,24
2150,8
2150,28
2150,0
2150,82
2151,1
2152,10
2152,15
2153,28
2153,0
2153,15
2154,10
2155,19
2156,15
2157,10
2158,15
2159,1
2160,10
2161,28
2161,0
2162,8
2162,10
2162,15
2163,20
2163,10
2163,28
2163,0
2164,13
2165,18
2166,10
2167,6
2168,1
2169,19
2169,28
2169,51
2169,0
2169,15
2170,13
2171,1
2172,28
2172,0
2173,28
2173,0
2173,15
2174,8
2174,82
2175,17
2176,28
2176,0
2176,15
2177,1
2178,17
2179,14
2179,15
2179,1
2180,20
2180,15
2181,14
2181,15
2182,8
2183,19
2184,8
2184,10
2184,31
2184,51
2184,16
2185,8
2185,10
2185,31
2185,51
2185,16
2186,175
2187,175
2188,175
2189,175
2190,175
2191,175
2192,175
2193,175
2194,175
2195,175
2196,175
2197,5
2197,15
2198,20
